46,43,a5H/N1NpX0O0l4Gc1l7uL7a7fOQ=,uH5A3qVFzjJ33Vc0I7iBV/aaQ6E=
45,43,a5H/N1NpX0O0l4Gc1l7uL7a7fOQ=,TWk/Nnghj+MWngR6iTiDX4iQY2M=
44,43,a5H/N1NpX0O0l4Gc1l7uL7a7fOQ=,TWk/Nnghj+MWngR6iTiDX4iQY2M=
45,44,a5H/N1NpX0O0l4Gc1l7uL7a7fOQ=,70rHp/EJlsZlCSxjyQqH5mFIcs4=
46,44,a5H/N1NpX0O0l4Gc1l7uL7a7fOQ=,sa9Sfg/iqyKKyVkI97iMJ8HQH98=
44,44,a5H/N1NpX0O0l4Gc1l7uL7a7fOQ=,70rHp/EJlsZlCSxjyQqH5mFIcs4=
43,43,a5H/N1NpX0O0l4Gc1l7uL7a7fOQ=,eeWGu4wIXAeAHrz7y+xXFjX3eD0=
43,44,a5H/N1NpX0O0l4Gc1l7uL7a7fOQ=,0tDhj6XJEqzKab3cV1U/S7oVFCg=
42,39,a5H/N1NpX0O0l4Gc1l7uL7a7fOQ=,v5zMZimYch5pDFBVmTGNejeWCHk=
41,39,a5H/N1NpX0O0l4Gc1l7uL7a7fOQ=,hd1jpiUDCVp5TodCZdOWF32Ue+8=
42,40,a5H/N1NpX0O0l4Gc1l7uL7a7fOQ=,cDwtVcVyu4wKexfOBhwLMimijRE=
40,39,a5H/N1NpX0O0l4Gc1l7uL7a7fOQ=,hd1jpiUDCVp5TodCZdOWF32Ue+8=
41,40,a5H/N1NpX0O0l4Gc1l7uL7a7fOQ=,EeoDDDqb0rLlgXmRVpsf3q+B53s=
40,40,a5H/N1NpX0O0l4Gc1l7uL7a7fOQ=,EeoDDDqb0rLlgXmRVpsf3q+B53s=
39,39,a5H/N1NpX0O0l4Gc1l7uL7a7fOQ=,KjmLwKJQ1LsCtpzX8Yho1SS6rU4=
39,40,a5H/N1NpX0O0l4Gc1l7uL7a7fOQ=,mHCNJBJ+/LnsllIfXCfehD5ifK0=
37,39,a5H/N1NpX0O0l4Gc1l7uL7a7fOQ=,Xd1kWsR3mJK+bDRXiVNA1P+PyN4=
38,40,a5H/N1NpX0O0l4Gc1l7uL7a7fOQ=,mHCNJBJ+/LnsllIfXCfehD5ifK0=
37,40,a5H/N1NpX0O0l4Gc1l7uL7a7fOQ=,NLfWpv/CbR5RC/3GCU1juo+gB48=
38,39,a5H/N1NpX0O0l4Gc1l7uL7a7fOQ=,KjmLwKJQ1LsCtpzX8Yho1SS6rU4=
38,41,c7+7RchwBhEfJ0fZqYRUN74bCFI=,mHCNJBJ+/LnsllIfXCfehD5ifK0=
37,42,c7+7RchwBhEfJ0fZqYRUN74bCFI=,CObJL11MJKowpl3i68kWlnMAoTc=
41,41,c7+7RchwBhEfJ0fZqYRUN74bCFI=,EeoDDDqb0rLlgXmRVpsf3q+B53s=
40,41,c7+7RchwBhEfJ0fZqYRUN74bCFI=,EeoDDDqb0rLlgXmRVpsf3q+B53s=
38,42,c7+7RchwBhEfJ0fZqYRUN74bCFI=,0QfYPsNJu/f+DvUyR5sHppGO0v8=
41,42,c7+7RchwBhEfJ0fZqYRUN74bCFI=,/TlhHiVvWNhoqM8SxZJ+NVCPEnw=
37,41,c7+7RchwBhEfJ0fZqYRUN74bCFI=,NLfWpv/CbR5RC/3GCU1juo+gB48=
39,41,c7+7RchwBhEfJ0fZqYRUN74bCFI=,mHCNJBJ+/LnsllIfXCfehD5ifK0=
40,42,c7+7RchwBhEfJ0fZqYRUN74bCFI=,/TlhHiVvWNhoqM8SxZJ+NVCPEnw=
39,42,c7+7RchwBhEfJ0fZqYRUN74bCFI=,0QfYPsNJu/f+DvUyR5sHppGO0v8=
42,41,c7+7RchwBhEfJ0fZqYRUN74bCFI=,cDwtVcVyu4wKexfOBhwLMimijRE=
42,42,c7+7RchwBhEfJ0fZqYRUN74bCFI=,eeWGu4wIXAeAHrz7y+xXFjX3eD0=
38,44,c7+7RchwBhEfJ0fZqYRUN74bCFI=,ZpQULlv8mOmUNB9mbZ037fmMVog=
37,44,c7+7RchwBhEfJ0fZqYRUN74bCFI=,RG0k45DqFnasoYuNtIohWkVwTjo=
37,43,c7+7RchwBhEfJ0fZqYRUN74bCFI=,CObJL11MJKowpl3i68kWlnMAoTc=
38,43,c7+7RchwBhEfJ0fZqYRUN74bCFI=,0QfYPsNJu/f+DvUyR5sHppGO0v8=
38,45,c7+7RchwBhEfJ0fZqYRUN74bCFI=,ZpQULlv8mOmUNB9mbZ037fmMVog=
37,45,c7+7RchwBhEfJ0fZqYRUN74bCFI=,RG0k45DqFnasoYuNtIohWkVwTjo=
37,46,c7+7RchwBhEfJ0fZqYRUN74bCFI=,AfkrAlcXDqN7HGoD1gqdjc6TCBw=
38,46,c7+7RchwBhEfJ0fZqYRUN74bCFI=,yq8RBeMiHhi/Bt6Uq5KXT1ZbsVk=
40,43,c7+7RchwBhEfJ0fZqYRUN74bCFI=,/TlhHiVvWNhoqM8SxZJ+NVCPEnw=
42,44,c7+7RchwBhEfJ0fZqYRUN74bCFI=,0tDhj6XJEqzKab3cV1U/S7oVFCg=
41,44,c7+7RchwBhEfJ0fZqYRUN74bCFI=,dG660wEVwtTtQmicx2fPldxRnxs=
39,44,c7+7RchwBhEfJ0fZqYRUN74bCFI=,ZpQULlv8mOmUNB9mbZ037fmMVog=
39,43,c7+7RchwBhEfJ0fZqYRUN74bCFI=,0QfYPsNJu/f+DvUyR5sHppGO0v8=
40,44,c7+7RchwBhEfJ0fZqYRUN74bCFI=,dG660wEVwtTtQmicx2fPldxRnxs=
42,43,c7+7RchwBhEfJ0fZqYRUN74bCFI=,eeWGu4wIXAeAHrz7y+xXFjX3eD0=
41,43,c7+7RchwBhEfJ0fZqYRUN74bCFI=,/TlhHiVvWNhoqM8SxZJ+NVCPEnw=
39,46,c7+7RchwBhEfJ0fZqYRUN74bCFI=,yq8RBeMiHhi/Bt6Uq5KXT1ZbsVk=
40,46,c7+7RchwBhEfJ0fZqYRUN74bCFI=,DwfclqJyHsIu/SIWBYc5UbTioec=
39,45,c7+7RchwBhEfJ0fZqYRUN74bCFI=,ZpQULlv8mOmUNB9mbZ037fmMVog=
40,45,c7+7RchwBhEfJ0fZqYRUN74bCFI=,dG660wEVwtTtQmicx2fPldxRnxs=
47,43,c7+7RchwBhEfJ0fZqYRUN74bCFI=,uH5A3qVFzjJ33Vc0I7iBV/aaQ6E=
47,44,c7+7RchwBhEfJ0fZqYRUN74bCFI=,sa9Sfg/iqyKKyVkI97iMJ8HQH98=
42,46,c7+7RchwBhEfJ0fZqYRUN74bCFI=,/6O8ktXFORRk11aQS3vrW12RrFU=
42,47,c7+7RchwBhEfJ0fZqYRUN74bCFI=,/6O8ktXFORRk11aQS3vrW12RrFU=
42,45,c7+7RchwBhEfJ0fZqYRUN74bCFI=,0tDhj6XJEqzKab3cV1U/S7oVFCg=
41,47,c7+7RchwBhEfJ0fZqYRUN74bCFI=,DwfclqJyHsIu/SIWBYc5UbTioec=
41,46,c7+7RchwBhEfJ0fZqYRUN74bCFI=,DwfclqJyHsIu/SIWBYc5UbTioec=
41,45,c7+7RchwBhEfJ0fZqYRUN74bCFI=,dG660wEVwtTtQmicx2fPldxRnxs=
44,47,c7+7RchwBhEfJ0fZqYRUN74bCFI=,TcEpW4ZF7gKBNaL5T+dn+cpoaxc=
43,47,c7+7RchwBhEfJ0fZqYRUN74bCFI=,/6O8ktXFORRk11aQS3vrW12RrFU=
44,46,c7+7RchwBhEfJ0fZqYRUN74bCFI=,TcEpW4ZF7gKBNaL5T+dn+cpoaxc=
43,45,c7+7RchwBhEfJ0fZqYRUN74bCFI=,0tDhj6XJEqzKab3cV1U/S7oVFCg=
43,46,c7+7RchwBhEfJ0fZqYRUN74bCFI=,/6O8ktXFORRk11aQS3vrW12RrFU=
44,45,c7+7RchwBhEfJ0fZqYRUN74bCFI=,70rHp/EJlsZlCSxjyQqH5mFIcs4=
44,39,c7+7RchwBhEfJ0fZqYRUN74bCFI=,QqNxxcYOGlXsQTt7oYSeiXprDD4=
43,39,c7+7RchwBhEfJ0fZqYRUN74bCFI=,v5zMZimYch5pDFBVmTGNejeWCHk=
44,40,c7+7RchwBhEfJ0fZqYRUN74bCFI=,J5J4uHS/MAVpjqwi1k95nlj1tII=
44,41,c7+7RchwBhEfJ0fZqYRUN74bCFI=,J5J4uHS/MAVpjqwi1k95nlj1tII=
43,40,c7+7RchwBhEfJ0fZqYRUN74bCFI=,cDwtVcVyu4wKexfOBhwLMimijRE=
43,41,c7+7RchwBhEfJ0fZqYRUN74bCFI=,cDwtVcVyu4wKexfOBhwLMimijRE=
44,42,c7+7RchwBhEfJ0fZqYRUN74bCFI=,TWk/Nnghj+MWngR6iTiDX4iQY2M=
43,42,c7+7RchwBhEfJ0fZqYRUN74bCFI=,eeWGu4wIXAeAHrz7y+xXFjX3eD0=
45,41,c7+7RchwBhEfJ0fZqYRUN74bCFI=,J5J4uHS/MAVpjqwi1k95nlj1tII=
46,41,c7+7RchwBhEfJ0fZqYRUN74bCFI=,+XQQ129e448+pOPwOcyj3JqzqvA=
46,42,c7+7RchwBhEfJ0fZqYRUN74bCFI=,uH5A3qVFzjJ33Vc0I7iBV/aaQ6E=
45,42,c7+7RchwBhEfJ0fZqYRUN74bCFI=,TWk/Nnghj+MWngR6iTiDX4iQY2M=
47,47,c7+7RchwBhEfJ0fZqYRUN74bCFI=,r1kqA+6XgM3I7kJFfkU+JRb6wQE=
46,45,c7+7RchwBhEfJ0fZqYRUN74bCFI=,sa9Sfg/iqyKKyVkI97iMJ8HQH98=
47,45,c7+7RchwBhEfJ0fZqYRUN74bCFI=,sa9Sfg/iqyKKyVkI97iMJ8HQH98=
45,47,c7+7RchwBhEfJ0fZqYRUN74bCFI=,TcEpW4ZF7gKBNaL5T+dn+cpoaxc=
46,46,c7+7RchwBhEfJ0fZqYRUN74bCFI=,r1kqA+6XgM3I7kJFfkU+JRb6wQE=
46,47,c7+7RchwBhEfJ0fZqYRUN74bCFI=,r1kqA+6XgM3I7kJFfkU+JRb6wQE=
43,38,c7+7RchwBhEfJ0fZqYRUN74bCFI=,v5zMZimYch5pDFBVmTGNejeWCHk=
44,38,c7+7RchwBhEfJ0fZqYRUN74bCFI=,QqNxxcYOGlXsQTt7oYSeiXprDD4=
43,37,c7+7RchwBhEfJ0fZqYRUN74bCFI=,Mf8ZvqLD+ab8r2ktPixY2w9Phj8=
44,37,c7+7RchwBhEfJ0fZqYRUN74bCFI=,HsLmp2w5HprvWFK8CM8qex6Y2d8=
47,46,c7+7RchwBhEfJ0fZqYRUN74bCFI=,r1kqA+6XgM3I7kJFfkU+JRb6wQE=
45,45,c7+7RchwBhEfJ0fZqYRUN74bCFI=,70rHp/EJlsZlCSxjyQqH5mFIcs4=
45,46,c7+7RchwBhEfJ0fZqYRUN74bCFI=,TcEpW4ZF7gKBNaL5T+dn+cpoaxc=
42,38,c7+7RchwBhEfJ0fZqYRUN74bCFI=,v5zMZimYch5pDFBVmTGNejeWCHk=
42,37,c7+7RchwBhEfJ0fZqYRUN74bCFI=,Mf8ZvqLD+ab8r2ktPixY2w9Phj8=
41,37,c7+7RchwBhEfJ0fZqYRUN74bCFI=,Gr1mrTTtSUjSQnmSQ5SxQlJoXLY=
41,38,c7+7RchwBhEfJ0fZqYRUN74bCFI=,hd1jpiUDCVp5TodCZdOWF32Ue+8=
42,36,sGuzGhVBh2Ft6Fs62rj/ut1ztmg=,Mf8ZvqLD+ab8r2ktPixY2w9Phj8=
43,36,sGuzGhVBh2Ft6Fs62rj/ut1ztmg=,Mf8ZvqLD+ab8r2ktPixY2w9Phj8=
44,36,sGuzGhVBh2Ft6Fs62rj/ut1ztmg=,HsLmp2w5HprvWFK8CM8qex6Y2d8=
41,36,sGuzGhVBh2Ft6Fs62rj/ut1ztmg=,Gr1mrTTtSUjSQnmSQ5SxQlJoXLY=
41,35,sGuzGhVBh2Ft6Fs62rj/ut1ztmg=,8MrY0D8nIIlcr62CAlr7JDxWbqU=
44,35,sGuzGhVBh2Ft6Fs62rj/ut1ztmg=,XGkX3DpgXsDx5iqhL2ocSWhl4x0=
42,35,sGuzGhVBh2Ft6Fs62rj/ut1ztmg=,xLeUv6LSVuejCjf+WJN/oO/7lwA=
43,35,sGuzGhVBh2Ft6Fs62rj/ut1ztmg=,xLeUv6LSVuejCjf+WJN/oO/7lwA=
39,35,sGuzGhVBh2Ft6Fs62rj/ut1ztmg=,KM53NqY4V4PvGtQJ8ese//HWGOE=
39,36,sGuzGhVBh2Ft6Fs62rj/ut1ztmg=,Uc9NMKhUu4X9zwZFJt61OGFYEZ0=
40,37,sGuzGhVBh2Ft6Fs62rj/ut1ztmg=,Gr1mrTTtSUjSQnmSQ5SxQlJoXLY=
40,35,sGuzGhVBh2Ft6Fs62rj/ut1ztmg=,8MrY0D8nIIlcr62CAlr7JDxWbqU=
39,37,sGuzGhVBh2Ft6Fs62rj/ut1ztmg=,Uc9NMKhUu4X9zwZFJt61OGFYEZ0=
40,38,sGuzGhVBh2Ft6Fs62rj/ut1ztmg=,hd1jpiUDCVp5TodCZdOWF32Ue+8=
40,36,sGuzGhVBh2Ft6Fs62rj/ut1ztmg=,Gr1mrTTtSUjSQnmSQ5SxQlJoXLY=
39,38,sGuzGhVBh2Ft6Fs62rj/ut1ztmg=,KjmLwKJQ1LsCtpzX8Yho1SS6rU4=
38,35,sGuzGhVBh2Ft6Fs62rj/ut1ztmg=,KM53NqY4V4PvGtQJ8ese//HWGOE=
38,36,sGuzGhVBh2Ft6Fs62rj/ut1ztmg=,Uc9NMKhUu4X9zwZFJt61OGFYEZ0=
37,35,sGuzGhVBh2Ft6Fs62rj/ut1ztmg=,hEXWMnSAVJ0FC+RsIOP+xFTmIUk=
37,37,sGuzGhVBh2Ft6Fs62rj/ut1ztmg=,XSdQK3Rxj6dEzYxVQzCnfw9MiQk=
37,38,sGuzGhVBh2Ft6Fs62rj/ut1ztmg=,Xd1kWsR3mJK+bDRXiVNA1P+PyN4=
37,36,sGuzGhVBh2Ft6Fs62rj/ut1ztmg=,XSdQK3Rxj6dEzYxVQzCnfw9MiQk=
38,38,sGuzGhVBh2Ft6Fs62rj/ut1ztmg=,KjmLwKJQ1LsCtpzX8Yho1SS6rU4=
38,37,sGuzGhVBh2Ft6Fs62rj/ut1ztmg=,Uc9NMKhUu4X9zwZFJt61OGFYEZ0=
36,38,sGuzGhVBh2Ft6Fs62rj/ut1ztmg=,Xd1kWsR3mJK+bDRXiVNA1P+PyN4=
35,38,sGuzGhVBh2Ft6Fs62rj/ut1ztmg=,GBHNJPdNEpmegYiT4elxpT+qO54=
35,37,sGuzGhVBh2Ft6Fs62rj/ut1ztmg=,yJt3lFInhUgaXbKLgaIm9v/Crmc=
36,37,sGuzGhVBh2Ft6Fs62rj/ut1ztmg=,XSdQK3Rxj6dEzYxVQzCnfw9MiQk=
36,35,evR90OgBQvjgluvaps9fs0gwhdg=,hEXWMnSAVJ0FC+RsIOP+xFTmIUk=
35,35,evR90OgBQvjgluvaps9fs0gwhdg=,XyYVIn3822L40vkVhb1V8nxZMPk=
35,36,evR90OgBQvjgluvaps9fs0gwhdg=,yJt3lFInhUgaXbKLgaIm9v/Crmc=
36,36,evR90OgBQvjgluvaps9fs0gwhdg=,XSdQK3Rxj6dEzYxVQzCnfw9MiQk=
33,35,evR90OgBQvjgluvaps9fs0gwhdg=,QFPu8hEXONPbgp/xdP8rzxoVqZM=
33,36,evR90OgBQvjgluvaps9fs0gwhdg=,yKcaAgPBjPQMMDz0ni5TJHuuzsg=
34,36,evR90OgBQvjgluvaps9fs0gwhdg=,yJt3lFInhUgaXbKLgaIm9v/Crmc=
34,35,evR90OgBQvjgluvaps9fs0gwhdg=,XyYVIn3822L40vkVhb1V8nxZMPk=
34,38,evR90OgBQvjgluvaps9fs0gwhdg=,GBHNJPdNEpmegYiT4elxpT+qO54=
33,37,evR90OgBQvjgluvaps9fs0gwhdg=,yKcaAgPBjPQMMDz0ni5TJHuuzsg=
33,38,evR90OgBQvjgluvaps9fs0gwhdg=,tJufh5IeJE3YOMRsY7v6EWDadBA=
34,37,evR90OgBQvjgluvaps9fs0gwhdg=,yJt3lFInhUgaXbKLgaIm9v/Crmc=
36,39,evR90OgBQvjgluvaps9fs0gwhdg=,Xd1kWsR3mJK+bDRXiVNA1P+PyN4=
35,39,evR90OgBQvjgluvaps9fs0gwhdg=,GBHNJPdNEpmegYiT4elxpT+qO54=
33,40,evR90OgBQvjgluvaps9fs0gwhdg=,jDDKSUk4qVpJkJQ83hw0EyWruB4=
36,42,evR90OgBQvjgluvaps9fs0gwhdg=,CObJL11MJKowpl3i68kWlnMAoTc=
35,42,evR90OgBQvjgluvaps9fs0gwhdg=,20uYPfWa9UPdJ5nncVb3+9pb+7Q=
35,40,evR90OgBQvjgluvaps9fs0gwhdg=,JKuXJ190dmpK61lji0vVo/+S7dk=
34,39,evR90OgBQvjgluvaps9fs0gwhdg=,GBHNJPdNEpmegYiT4elxpT+qO54=
33,39,evR90OgBQvjgluvaps9fs0gwhdg=,tJufh5IeJE3YOMRsY7v6EWDadBA=
36,40,evR90OgBQvjgluvaps9fs0gwhdg=,NLfWpv/CbR5RC/3GCU1juo+gB48=
35,41,evR90OgBQvjgluvaps9fs0gwhdg=,JKuXJ190dmpK61lji0vVo/+S7dk=
34,40,evR90OgBQvjgluvaps9fs0gwhdg=,JKuXJ190dmpK61lji0vVo/+S7dk=
36,41,evR90OgBQvjgluvaps9fs0gwhdg=,NLfWpv/CbR5RC/3GCU1juo+gB48=
33,34,evR90OgBQvjgluvaps9fs0gwhdg=,QFPu8hEXONPbgp/xdP8rzxoVqZM=
34,34,evR90OgBQvjgluvaps9fs0gwhdg=,XyYVIn3822L40vkVhb1V8nxZMPk=
34,33,evR90OgBQvjgluvaps9fs0gwhdg=,PPkALy6Mb0FZKCL2pWwZk6spsqE=
33,33,evR90OgBQvjgluvaps9fs0gwhdg=,z+NykcERf9AXUxT4UfBCZMTgKzQ=
32,39,evR90OgBQvjgluvaps9fs0gwhdg=,tJufh5IeJE3YOMRsY7v6EWDadBA=
32,40,evR90OgBQvjgluvaps9fs0gwhdg=,jDDKSUk4qVpJkJQ83hw0EyWruB4=
32,37,evR90OgBQvjgluvaps9fs0gwhdg=,yKcaAgPBjPQMMDz0ni5TJHuuzsg=
32,38,evR90OgBQvjgluvaps9fs0gwhdg=,tJufh5IeJE3YOMRsY7v6EWDadBA=
32,46,evR90OgBQvjgluvaps9fs0gwhdg=,yQNBAwUb1W/u2sVFhTLzclmNQdU=
32,45,evR90OgBQvjgluvaps9fs0gwhdg=,bGiPZ65SV4LIl0ONqH18atNNIyM=
32,36,evR90OgBQvjgluvaps9fs0gwhdg=,yKcaAgPBjPQMMDz0ni5TJHuuzsg=
32,35,evR90OgBQvjgluvaps9fs0gwhdg=,QFPu8hEXONPbgp/xdP8rzxoVqZM=
32,33,evR90OgBQvjgluvaps9fs0gwhdg=,z+NykcERf9AXUxT4UfBCZMTgKzQ=
33,42,evR90OgBQvjgluvaps9fs0gwhdg=,J9JRXGLscu3mc9k9BDS6t64yerY=
32,34,evR90OgBQvjgluvaps9fs0gwhdg=,QFPu8hEXONPbgp/xdP8rzxoVqZM=
32,41,evR90OgBQvjgluvaps9fs0gwhdg=,jDDKSUk4qVpJkJQ83hw0EyWruB4=
32,44,evR90OgBQvjgluvaps9fs0gwhdg=,bGiPZ65SV4LIl0ONqH18atNNIyM=
32,42,evR90OgBQvjgluvaps9fs0gwhdg=,J9JRXGLscu3mc9k9BDS6t64yerY=
33,41,evR90OgBQvjgluvaps9fs0gwhdg=,jDDKSUk4qVpJkJQ83hw0EyWruB4=
34,42,evR90OgBQvjgluvaps9fs0gwhdg=,20uYPfWa9UPdJ5nncVb3+9pb+7Q=
36,46,evR90OgBQvjgluvaps9fs0gwhdg=,AfkrAlcXDqN7HGoD1gqdjc6TCBw=
32,43,evR90OgBQvjgluvaps9fs0gwhdg=,J9JRXGLscu3mc9k9BDS6t64yerY=
33,46,evR90OgBQvjgluvaps9fs0gwhdg=,yQNBAwUb1W/u2sVFhTLzclmNQdU=
34,41,evR90OgBQvjgluvaps9fs0gwhdg=,JKuXJ190dmpK61lji0vVo/+S7dk=
35,43,evR90OgBQvjgluvaps9fs0gwhdg=,20uYPfWa9UPdJ5nncVb3+9pb+7Q=
33,45,evR90OgBQvjgluvaps9fs0gwhdg=,bGiPZ65SV4LIl0ONqH18atNNIyM=
34,46,evR90OgBQvjgluvaps9fs0gwhdg=,gX3KsSXEPvm3mxWarb5HQ0S5r6w=
34,44,evR90OgBQvjgluvaps9fs0gwhdg=,r/5A7NONjAVLthgblJ1XvY05kcE=
35,46,evR90OgBQvjgluvaps9fs0gwhdg=,gX3KsSXEPvm3mxWarb5HQ0S5r6w=
35,45,evR90OgBQvjgluvaps9fs0gwhdg=,r/5A7NONjAVLthgblJ1XvY05kcE=
34,43,evR90OgBQvjgluvaps9fs0gwhdg=,20uYPfWa9UPdJ5nncVb3+9pb+7Q=
34,45,evR90OgBQvjgluvaps9fs0gwhdg=,r/5A7NONjAVLthgblJ1XvY05kcE=
33,43,evR90OgBQvjgluvaps9fs0gwhdg=,J9JRXGLscu3mc9k9BDS6t64yerY=
36,45,evR90OgBQvjgluvaps9fs0gwhdg=,RG0k45DqFnasoYuNtIohWkVwTjo=
36,43,evR90OgBQvjgluvaps9fs0gwhdg=,CObJL11MJKowpl3i68kWlnMAoTc=
36,44,evR90OgBQvjgluvaps9fs0gwhdg=,RG0k45DqFnasoYuNtIohWkVwTjo=
33,44,evR90OgBQvjgluvaps9fs0gwhdg=,bGiPZ65SV4LIl0ONqH18atNNIyM=
35,44,evR90OgBQvjgluvaps9fs0gwhdg=,r/5A7NONjAVLthgblJ1XvY05kcE=
34,32,evR90OgBQvjgluvaps9fs0gwhdg=,PPkALy6Mb0FZKCL2pWwZk6spsqE=
36,34,evR90OgBQvjgluvaps9fs0gwhdg=,hEXWMnSAVJ0FC+RsIOP+xFTmIUk=
47,42,evR90OgBQvjgluvaps9fs0gwhdg=,uH5A3qVFzjJ33Vc0I7iBV/aaQ6E=
47,41,evR90OgBQvjgluvaps9fs0gwhdg=,+XQQ129e448+pOPwOcyj3JqzqvA=
35,33,evR90OgBQvjgluvaps9fs0gwhdg=,PPkALy6Mb0FZKCL2pWwZk6spsqE=
33,32,evR90OgBQvjgluvaps9fs0gwhdg=,z+NykcERf9AXUxT4UfBCZMTgKzQ=
35,34,evR90OgBQvjgluvaps9fs0gwhdg=,XyYVIn3822L40vkVhb1V8nxZMPk=
46,40,evR90OgBQvjgluvaps9fs0gwhdg=,+XQQ129e448+pOPwOcyj3JqzqvA=
45,40,evR90OgBQvjgluvaps9fs0gwhdg=,J5J4uHS/MAVpjqwi1k95nlj1tII=
45,39,evR90OgBQvjgluvaps9fs0gwhdg=,QqNxxcYOGlXsQTt7oYSeiXprDD4=
47,40,evR90OgBQvjgluvaps9fs0gwhdg=,+XQQ129e448+pOPwOcyj3JqzqvA=
35,47,evR90OgBQvjgluvaps9fs0gwhdg=,gX3KsSXEPvm3mxWarb5HQ0S5r6w=
46,34,evR90OgBQvjgluvaps9fs0gwhdg=,F5ftRExf6kvsk/axyB/DX49e1fQ=
47,34,evR90OgBQvjgluvaps9fs0gwhdg=,F5ftRExf6kvsk/axyB/DX49e1fQ=
45,33,evR90OgBQvjgluvaps9fs0gwhdg=,ToGPuIf+1DpqM/xCOJRLPFAuQ+Q=
36,47,evR90OgBQvjgluvaps9fs0gwhdg=,AfkrAlcXDqN7HGoD1gqdjc6TCBw=
45,34,evR90OgBQvjgluvaps9fs0gwhdg=,XGkX3DpgXsDx5iqhL2ocSWhl4x0=
38,47,evR90OgBQvjgluvaps9fs0gwhdg=,yq8RBeMiHhi/Bt6Uq5KXT1ZbsVk=
40,47,evR90OgBQvjgluvaps9fs0gwhdg=,DwfclqJyHsIu/SIWBYc5UbTioec=
37,47,evR90OgBQvjgluvaps9fs0gwhdg=,AfkrAlcXDqN7HGoD1gqdjc6TCBw=
39,47,evR90OgBQvjgluvaps9fs0gwhdg=,yq8RBeMiHhi/Bt6Uq5KXT1ZbsVk=
43,33,evR90OgBQvjgluvaps9fs0gwhdg=,XvuQYEncmoVAZhRWhU68izUbC04=
44,33,evR90OgBQvjgluvaps9fs0gwhdg=,ToGPuIf+1DpqM/xCOJRLPFAuQ+Q=
43,34,evR90OgBQvjgluvaps9fs0gwhdg=,xLeUv6LSVuejCjf+WJN/oO/7lwA=
44,34,evR90OgBQvjgluvaps9fs0gwhdg=,XGkX3DpgXsDx5iqhL2ocSWhl4x0=
47,35,IMxc5uRJI0bug+1FyINatM0yyjo=,F5ftRExf6kvsk/axyB/DX49e1fQ=
45,37,IMxc5uRJI0bug+1FyINatM0yyjo=,HsLmp2w5HprvWFK8CM8qex6Y2d8=
47,37,IMxc5uRJI0bug+1FyINatM0yyjo=,qa8IY6EdoDEQ+a6KDCK/mdNr2+Q=
45,38,IMxc5uRJI0bug+1FyINatM0yyjo=,QqNxxcYOGlXsQTt7oYSeiXprDD4=
46,37,IMxc5uRJI0bug+1FyINatM0yyjo=,qa8IY6EdoDEQ+a6KDCK/mdNr2+Q=
45,36,IMxc5uRJI0bug+1FyINatM0yyjo=,HsLmp2w5HprvWFK8CM8qex6Y2d8=
46,36,IMxc5uRJI0bug+1FyINatM0yyjo=,qa8IY6EdoDEQ+a6KDCK/mdNr2+Q=
37,34,IMxc5uRJI0bug+1FyINatM0yyjo=,hEXWMnSAVJ0FC+RsIOP+xFTmIUk=
38,34,IMxc5uRJI0bug+1FyINatM0yyjo=,KM53NqY4V4PvGtQJ8ese//HWGOE=
46,35,IMxc5uRJI0bug+1FyINatM0yyjo=,F5ftRExf6kvsk/axyB/DX49e1fQ=
38,33,IMxc5uRJI0bug+1FyINatM0yyjo=,DjKPLFo/cEt7HfR5O4rtnU5oUDw=
47,36,IMxc5uRJI0bug+1FyINatM0yyjo=,qa8IY6EdoDEQ+a6KDCK/mdNr2+Q=
45,35,IMxc5uRJI0bug+1FyINatM0yyjo=,XGkX3DpgXsDx5iqhL2ocSWhl4x0=
33,47,IMxc5uRJI0bug+1FyINatM0yyjo=,yQNBAwUb1W/u2sVFhTLzclmNQdU=
34,47,IMxc5uRJI0bug+1FyINatM0yyjo=,gX3KsSXEPvm3mxWarb5HQ0S5r6w=
32,47,IMxc5uRJI0bug+1FyINatM0yyjo=,yQNBAwUb1W/u2sVFhTLzclmNQdU=
35,32,IMxc5uRJI0bug+1FyINatM0yyjo=,PPkALy6Mb0FZKCL2pWwZk6spsqE=
43,32,IMxc5uRJI0bug+1FyINatM0yyjo=,XvuQYEncmoVAZhRWhU68izUbC04=
44,32,IMxc5uRJI0bug+1FyINatM0yyjo=,ToGPuIf+1DpqM/xCOJRLPFAuQ+Q=
38,32,IMxc5uRJI0bug+1FyINatM0yyjo=,DjKPLFo/cEt7HfR5O4rtnU5oUDw=
45,32,IMxc5uRJI0bug+1FyINatM0yyjo=,ToGPuIf+1DpqM/xCOJRLPFAuQ+Q=
42,32,IMxc5uRJI0bug+1FyINatM0yyjo=,XvuQYEncmoVAZhRWhU68izUbC04=
39,32,IMxc5uRJI0bug+1FyINatM0yyjo=,DjKPLFo/cEt7HfR5O4rtnU5oUDw=
40,33,IMxc5uRJI0bug+1FyINatM0yyjo=,dDEeMsqEJnSWvy63SLBnX5KIOKI=
41,32,IMxc5uRJI0bug+1FyINatM0yyjo=,dDEeMsqEJnSWvy63SLBnX5KIOKI=
42,33,IMxc5uRJI0bug+1FyINatM0yyjo=,XvuQYEncmoVAZhRWhU68izUbC04=
39,34,IMxc5uRJI0bug+1FyINatM0yyjo=,KM53NqY4V4PvGtQJ8ese//HWGOE=
42,34,IMxc5uRJI0bug+1FyINatM0yyjo=,xLeUv6LSVuejCjf+WJN/oO/7lwA=
39,33,IMxc5uRJI0bug+1FyINatM0yyjo=,DjKPLFo/cEt7HfR5O4rtnU5oUDw=
40,34,IMxc5uRJI0bug+1FyINatM0yyjo=,8MrY0D8nIIlcr62CAlr7JDxWbqU=
32,32,IMxc5uRJI0bug+1FyINatM0yyjo=,z+NykcERf9AXUxT4UfBCZMTgKzQ=
40,32,IMxc5uRJI0bug+1FyINatM0yyjo=,dDEeMsqEJnSWvy63SLBnX5KIOKI=
41,33,IMxc5uRJI0bug+1FyINatM0yyjo=,dDEeMsqEJnSWvy63SLBnX5KIOKI=
41,34,IMxc5uRJI0bug+1FyINatM0yyjo=,8MrY0D8nIIlcr62CAlr7JDxWbqU=
46,54,IMxc5uRJI0bug+1FyINatM0yyjo=,hezKGWJPUXu4JlIbHkm1TQ9Kzpo=
45,53,IMxc5uRJI0bug+1FyINatM0yyjo=,MTz6xgdPnx/wZBme/t81KYo3RUc=
45,54,IMxc5uRJI0bug+1FyINatM0yyjo=,r8vWDQ+QjbKRzGdMsejHGZfffs8=
46,53,IMxc5uRJI0bug+1FyINatM0yyjo=,vWsqVhO+c29qdz6BbaG8zZgQNrk=
43,52,IMxc5uRJI0bug+1FyINatM0yyjo=,pbiZSjMU0/JZv+FJSlc6gVsiRow=
44,52,IMxc5uRJI0bug+1FyINatM0yyjo=,MTz6xgdPnx/wZBme/t81KYo3RUc=
44,51,IMxc5uRJI0bug+1FyINatM0yyjo=,7L33W6Co4SreYgWqMWfSkqgM6Ug=
43,51,IMxc5uRJI0bug+1FyINatM0yyjo=,MhhpE0g5rRgAS6AodLsLq7wV+aQ=
43,50,rKO3t7zbKSRpq4qPkiyPGXew1F0=,MhhpE0g5rRgAS6AodLsLq7wV+aQ=
44,50,rKO3t7zbKSRpq4qPkiyPGXew1F0=,7L33W6Co4SreYgWqMWfSkqgM6Ug=
43,49,rKO3t7zbKSRpq4qPkiyPGXew1F0=,3l3496O2lqb2oNVViKQrRmjGaqM=
44,49,rKO3t7zbKSRpq4qPkiyPGXew1F0=,un6FtsoAY6THcPDD+89KGcGm13c=
45,51,rKO3t7zbKSRpq4qPkiyPGXew1F0=,7L33W6Co4SreYgWqMWfSkqgM6Ug=
46,52,rKO3t7zbKSRpq4qPkiyPGXew1F0=,vWsqVhO+c29qdz6BbaG8zZgQNrk=
45,52,rKO3t7zbKSRpq4qPkiyPGXew1F0=,MTz6xgdPnx/wZBme/t81KYo3RUc=
46,51,rKO3t7zbKSRpq4qPkiyPGXew1F0=,i8ehTdnWRihFeq3/sT8FYd01XXM=
42,49,rKO3t7zbKSRpq4qPkiyPGXew1F0=,3l3496O2lqb2oNVViKQrRmjGaqM=
42,50,rKO3t7zbKSRpq4qPkiyPGXew1F0=,MhhpE0g5rRgAS6AodLsLq7wV+aQ=
39,49,rKO3t7zbKSRpq4qPkiyPGXew1F0=,nffc7OemAz7tMPd6yKC9o8Q9xms=
41,49,rKO3t7zbKSRpq4qPkiyPGXew1F0=,ejTtPVwj/jXe0rMiVOYcPUFPB30=
39,50,rKO3t7zbKSRpq4qPkiyPGXew1F0=,K3W+Kek9v+EDCDiCRhec/giNeG4=
41,50,rKO3t7zbKSRpq4qPkiyPGXew1F0=,NY1hgHEhdRC+79ZuKvOIUGuHuTs=
40,50,rKO3t7zbKSRpq4qPkiyPGXew1F0=,NY1hgHEhdRC+79ZuKvOIUGuHuTs=
40,49,rKO3t7zbKSRpq4qPkiyPGXew1F0=,ejTtPVwj/jXe0rMiVOYcPUFPB30=
45,50,rKO3t7zbKSRpq4qPkiyPGXew1F0=,7L33W6Co4SreYgWqMWfSkqgM6Ug=
45,49,rKO3t7zbKSRpq4qPkiyPGXew1F0=,un6FtsoAY6THcPDD+89KGcGm13c=
38,50,rKO3t7zbKSRpq4qPkiyPGXew1F0=,K3W+Kek9v+EDCDiCRhec/giNeG4=
38,49,rKO3t7zbKSRpq4qPkiyPGXew1F0=,nffc7OemAz7tMPd6yKC9o8Q9xms=
37,49,rKO3t7zbKSRpq4qPkiyPGXew1F0=,pOXQqpYFq/okU3EYL7BqHsa7ofk=
46,50,rKO3t7zbKSRpq4qPkiyPGXew1F0=,i8ehTdnWRihFeq3/sT8FYd01XXM=
46,49,rKO3t7zbKSRpq4qPkiyPGXew1F0=,a5jsC5lLKVk6O8W8xWwV6QeSZec=
37,50,rKO3t7zbKSRpq4qPkiyPGXew1F0=,/Kw1ZmW13vteYawm28dPlziQ+xg=
37,51,rKO3t7zbKSRpq4qPkiyPGXew1F0=,/Kw1ZmW13vteYawm28dPlziQ+xg=
38,51,rKO3t7zbKSRpq4qPkiyPGXew1F0=,K3W+Kek9v+EDCDiCRhec/giNeG4=
38,52,rKO3t7zbKSRpq4qPkiyPGXew1F0=,LpYCsTzCioCm4WTEz8pzhxWMvVU=
37,52,rKO3t7zbKSRpq4qPkiyPGXew1F0=,HEe6zUXdcKyCt5XucFcBKuXDuSs=
38,54,rKO3t7zbKSRpq4qPkiyPGXew1F0=,z6TcJlnM9QK68Y5rCVbAVIyHpxw=
37,54,rKO3t7zbKSRpq4qPkiyPGXew1F0=,PtXUuBjUErCApMU+XS699unNAWw=
38,53,rKO3t7zbKSRpq4qPkiyPGXew1F0=,LpYCsTzCioCm4WTEz8pzhxWMvVU=
37,53,rKO3t7zbKSRpq4qPkiyPGXew1F0=,HEe6zUXdcKyCt5XucFcBKuXDuSs=
38,55,rKO3t7zbKSRpq4qPkiyPGXew1F0=,z6TcJlnM9QK68Y5rCVbAVIyHpxw=
37,55,rKO3t7zbKSRpq4qPkiyPGXew1F0=,PtXUuBjUErCApMU+XS699unNAWw=
37,56,rKO3t7zbKSRpq4qPkiyPGXew1F0=,Q+ZnbwVB5usroNye09rOhaNB3sU=
38,56,rKO3t7zbKSRpq4qPkiyPGXew1F0=,PJ/ShBO1nnzCVZXjONdyWVH8IcU=
39,55,rKO3t7zbKSRpq4qPkiyPGXew1F0=,z6TcJlnM9QK68Y5rCVbAVIyHpxw=
40,55,rKO3t7zbKSRpq4qPkiyPGXew1F0=,tsytS7HEy+n65IrZRFlPZ8s6IE0=
40,56,rKO3t7zbKSRpq4qPkiyPGXew1F0=,b2U3IH77Zf7URz5fctJTUh3gSdQ=
39,56,rKO3t7zbKSRpq4qPkiyPGXew1F0=,PJ/ShBO1nnzCVZXjONdyWVH8IcU=
44,53,rKO3t7zbKSRpq4qPkiyPGXew1F0=,MTz6xgdPnx/wZBme/t81KYo3RUc=
43,54,rKO3t7zbKSRpq4qPkiyPGXew1F0=,LjXh7RG2a/jGF08EJTmoj3ZkTzQ=
43,53,rKO3t7zbKSRpq4qPkiyPGXew1F0=,pbiZSjMU0/JZv+FJSlc6gVsiRow=
44,54,rKO3t7zbKSRpq4qPkiyPGXew1F0=,r8vWDQ+QjbKRzGdMsejHGZfffs8=
41,56,rKO3t7zbKSRpq4qPkiyPGXew1F0=,b2U3IH77Zf7URz5fctJTUh3gSdQ=
42,56,rKO3t7zbKSRpq4qPkiyPGXew1F0=,9RVd7q97jM9t0f9oNHhqnEAShWA=
41,55,rKO3t7zbKSRpq4qPkiyPGXew1F0=,tsytS7HEy+n65IrZRFlPZ8s6IE0=
42,55,rKO3t7zbKSRpq4qPkiyPGXew1F0=,LjXh7RG2a/jGF08EJTmoj3ZkTzQ=
43,55,rKO3t7zbKSRpq4qPkiyPGXew1F0=,LjXh7RG2a/jGF08EJTmoj3ZkTzQ=
43,56,rKO3t7zbKSRpq4qPkiyPGXew1F0=,9RVd7q97jM9t0f9oNHhqnEAShWA=
44,56,rKO3t7zbKSRpq4qPkiyPGXew1F0=,a33tDOJq14PutMf7lkYNK6DKb0U=
44,55,rKO3t7zbKSRpq4qPkiyPGXew1F0=,r8vWDQ+QjbKRzGdMsejHGZfffs8=
45,56,2be4reqxetFjEKbJCQDSZH6WDLs=,a33tDOJq14PutMf7lkYNK6DKb0U=
45,55,2be4reqxetFjEKbJCQDSZH6WDLs=,r8vWDQ+QjbKRzGdMsejHGZfffs8=
46,56,2be4reqxetFjEKbJCQDSZH6WDLs=,45Ih8+5ifxj9CpB9+AAs7Gz9X7E=
46,55,2be4reqxetFjEKbJCQDSZH6WDLs=,hezKGWJPUXu4JlIbHkm1TQ9Kzpo=
44,57,2be4reqxetFjEKbJCQDSZH6WDLs=,a33tDOJq14PutMf7lkYNK6DKb0U=
43,57,2be4reqxetFjEKbJCQDSZH6WDLs=,9RVd7q97jM9t0f9oNHhqnEAShWA=
43,58,2be4reqxetFjEKbJCQDSZH6WDLs=,pzfHl9ftncPIC8zkBwqzbL6lXDg=
44,58,2be4reqxetFjEKbJCQDSZH6WDLs=,AHQEfmHYaRMczHeC2Dr2VDV+3G8=
44,60,2be4reqxetFjEKbJCQDSZH6WDLs=,sMgvORFeHDl4/rwjrRBR+5rrFFo=
43,59,2be4reqxetFjEKbJCQDSZH6WDLs=,pzfHl9ftncPIC8zkBwqzbL6lXDg=
43,60,2be4reqxetFjEKbJCQDSZH6WDLs=,CqlhTgcgq6GsEMeIuH7uLfMNCJE=
44,59,2be4reqxetFjEKbJCQDSZH6WDLs=,AHQEfmHYaRMczHeC2Dr2VDV+3G8=
44,61,2be4reqxetFjEKbJCQDSZH6WDLs=,sMgvORFeHDl4/rwjrRBR+5rrFFo=
43,62,2be4reqxetFjEKbJCQDSZH6WDLs=,p72v6+5yLe0aFNVnVNkwFh54N9E=
44,62,2be4reqxetFjEKbJCQDSZH6WDLs=,ySPDUgzHlrOhsYCjpJ2hV/G/jp0=
43,61,2be4reqxetFjEKbJCQDSZH6WDLs=,CqlhTgcgq6GsEMeIuH7uLfMNCJE=
41,59,2be4reqxetFjEKbJCQDSZH6WDLs=,5ksuPIRguBBGmjcX7q6uWV5SE4A=
42,60,2be4reqxetFjEKbJCQDSZH6WDLs=,CqlhTgcgq6GsEMeIuH7uLfMNCJE=
41,57,2be4reqxetFjEKbJCQDSZH6WDLs=,b2U3IH77Zf7URz5fctJTUh3gSdQ=
41,60,2be4reqxetFjEKbJCQDSZH6WDLs=,IB19y3fbQdy02KhLuDjZLbryQFQ=
42,57,2be4reqxetFjEKbJCQDSZH6WDLs=,9RVd7q97jM9t0f9oNHhqnEAShWA=
42,58,2be4reqxetFjEKbJCQDSZH6WDLs=,pzfHl9ftncPIC8zkBwqzbL6lXDg=
42,59,2be4reqxetFjEKbJCQDSZH6WDLs=,pzfHl9ftncPIC8zkBwqzbL6lXDg=
41,58,2be4reqxetFjEKbJCQDSZH6WDLs=,5ksuPIRguBBGmjcX7q6uWV5SE4A=
46,57,2be4reqxetFjEKbJCQDSZH6WDLs=,45Ih8+5ifxj9CpB9+AAs7Gz9X7E=
46,58,2be4reqxetFjEKbJCQDSZH6WDLs=,gjUlPtvc6atwTnWFI20xm927kew=
46,60,2be4reqxetFjEKbJCQDSZH6WDLs=,iaOy5tQfI0rVtZhqjY6u1ZmqpPs=
45,57,2be4reqxetFjEKbJCQDSZH6WDLs=,a33tDOJq14PutMf7lkYNK6DKb0U=
45,59,2be4reqxetFjEKbJCQDSZH6WDLs=,AHQEfmHYaRMczHeC2Dr2VDV+3G8=
46,59,2be4reqxetFjEKbJCQDSZH6WDLs=,gjUlPtvc6atwTnWFI20xm927kew=
45,60,2be4reqxetFjEKbJCQDSZH6WDLs=,sMgvORFeHDl4/rwjrRBR+5rrFFo=
45,58,2be4reqxetFjEKbJCQDSZH6WDLs=,AHQEfmHYaRMczHeC2Dr2VDV+3G8=
39,58,2be4reqxetFjEKbJCQDSZH6WDLs=,SNptNCIoZf7hd8XHh6v3of1jt7E=
39,57,2be4reqxetFjEKbJCQDSZH6WDLs=,PJ/ShBO1nnzCVZXjONdyWVH8IcU=
40,58,2be4reqxetFjEKbJCQDSZH6WDLs=,5ksuPIRguBBGmjcX7q6uWV5SE4A=
40,57,2be4reqxetFjEKbJCQDSZH6WDLs=,b2U3IH77Zf7URz5fctJTUh3gSdQ=
40,59,2be4reqxetFjEKbJCQDSZH6WDLs=,5ksuPIRguBBGmjcX7q6uWV5SE4A=
40,60,2be4reqxetFjEKbJCQDSZH6WDLs=,IB19y3fbQdy02KhLuDjZLbryQFQ=
39,59,2be4reqxetFjEKbJCQDSZH6WDLs=,SNptNCIoZf7hd8XHh6v3of1jt7E=
37,59,2be4reqxetFjEKbJCQDSZH6WDLs=,4hQVKUomGo2t4P8freZGdRa2mNg=
38,59,2be4reqxetFjEKbJCQDSZH6WDLs=,SNptNCIoZf7hd8XHh6v3of1jt7E=
37,57,2be4reqxetFjEKbJCQDSZH6WDLs=,Q+ZnbwVB5usroNye09rOhaNB3sU=
38,57,2be4reqxetFjEKbJCQDSZH6WDLs=,PJ/ShBO1nnzCVZXjONdyWVH8IcU=
38,58,2be4reqxetFjEKbJCQDSZH6WDLs=,SNptNCIoZf7hd8XHh6v3of1jt7E=
37,58,2be4reqxetFjEKbJCQDSZH6WDLs=,4hQVKUomGo2t4P8freZGdRa2mNg=
35,55,2be4reqxetFjEKbJCQDSZH6WDLs=,VXOHvG4HAOWKrwGhdO3m0YCwfRw=
35,56,2be4reqxetFjEKbJCQDSZH6WDLs=,+XifB2pFPbTBjrwPWl6pWFTJRbg=
35,57,2be4reqxetFjEKbJCQDSZH6WDLs=,+XifB2pFPbTBjrwPWl6pWFTJRbg=
34,56,2be4reqxetFjEKbJCQDSZH6WDLs=,+XifB2pFPbTBjrwPWl6pWFTJRbg=
33,55,2be4reqxetFjEKbJCQDSZH6WDLs=,wFC+8SON7LtgpfoPhonst+CQ7nY=
36,55,2be4reqxetFjEKbJCQDSZH6WDLs=,PtXUuBjUErCApMU+XS699unNAWw=
36,58,2be4reqxetFjEKbJCQDSZH6WDLs=,4hQVKUomGo2t4P8freZGdRa2mNg=
35,58,2be4reqxetFjEKbJCQDSZH6WDLs=,qxdJlgUUr18yI3tEJN/PFV+fogs=
34,55,2be4reqxetFjEKbJCQDSZH6WDLs=,VXOHvG4HAOWKrwGhdO3m0YCwfRw=
36,57,2be4reqxetFjEKbJCQDSZH6WDLs=,Q+ZnbwVB5usroNye09rOhaNB3sU=
36,56,2be4reqxetFjEKbJCQDSZH6WDLs=,Q+ZnbwVB5usroNye09rOhaNB3sU=
36,53,2be4reqxetFjEKbJCQDSZH6WDLs=,HEe6zUXdcKyCt5XucFcBKuXDuSs=
36,51,2be4reqxetFjEKbJCQDSZH6WDLs=,/Kw1ZmW13vteYawm28dPlziQ+xg=
35,53,2be4reqxetFjEKbJCQDSZH6WDLs=,YKLcOPsgnqcLYrTbr6GOh8sKY2g=
35,51,2be4reqxetFjEKbJCQDSZH6WDLs=,A4AXkx6vlTpJX4CnwMRb36q+o/8=
35,52,2be4reqxetFjEKbJCQDSZH6WDLs=,YKLcOPsgnqcLYrTbr6GOh8sKY2g=
36,52,2be4reqxetFjEKbJCQDSZH6WDLs=,HEe6zUXdcKyCt5XucFcBKuXDuSs=
36,54,2be4reqxetFjEKbJCQDSZH6WDLs=,PtXUuBjUErCApMU+XS699unNAWw=
33,54,2be4reqxetFjEKbJCQDSZH6WDLs=,wFC+8SON7LtgpfoPhonst+CQ7nY=
35,54,2be4reqxetFjEKbJCQDSZH6WDLs=,VXOHvG4HAOWKrwGhdO3m0YCwfRw=
33,53,2be4reqxetFjEKbJCQDSZH6WDLs=,ILoH495v1GD17mbM7DQ74B3X9JM=
34,54,2be4reqxetFjEKbJCQDSZH6WDLs=,VXOHvG4HAOWKrwGhdO3m0YCwfRw=
34,53,2be4reqxetFjEKbJCQDSZH6WDLs=,YKLcOPsgnqcLYrTbr6GOh8sKY2g=
35,50,2be4reqxetFjEKbJCQDSZH6WDLs=,A4AXkx6vlTpJX4CnwMRb36q+o/8=
36,50,2be4reqxetFjEKbJCQDSZH6WDLs=,/Kw1ZmW13vteYawm28dPlziQ+xg=
35,49,2be4reqxetFjEKbJCQDSZH6WDLs=,DxTtHgibrvZLKH8M59tZGjuAj3c=
36,49,2be4reqxetFjEKbJCQDSZH6WDLs=,pOXQqpYFq/okU3EYL7BqHsa7ofk=
34,51,2be4reqxetFjEKbJCQDSZH6WDLs=,A4AXkx6vlTpJX4CnwMRb36q+o/8=
33,48,2be4reqxetFjEKbJCQDSZH6WDLs=,5HpIX57WZmk1UlCv+qLKPpve3Wc=
34,48,2be4reqxetFjEKbJCQDSZH6WDLs=,DxTtHgibrvZLKH8M59tZGjuAj3c=
33,50,2be4reqxetFjEKbJCQDSZH6WDLs=,qqaV4gQqIP8B83HeWUKJpVSmmE8=
34,50,2be4reqxetFjEKbJCQDSZH6WDLs=,A4AXkx6vlTpJX4CnwMRb36q+o/8=
34,49,2be4reqxetFjEKbJCQDSZH6WDLs=,DxTtHgibrvZLKH8M59tZGjuAj3c=
33,49,2be4reqxetFjEKbJCQDSZH6WDLs=,5HpIX57WZmk1UlCv+qLKPpve3Wc=
32,49,2be4reqxetFjEKbJCQDSZH6WDLs=,5HpIX57WZmk1UlCv+qLKPpve3Wc=
32,54,2be4reqxetFjEKbJCQDSZH6WDLs=,wFC+8SON7LtgpfoPhonst+CQ7nY=
34,52,2be4reqxetFjEKbJCQDSZH6WDLs=,YKLcOPsgnqcLYrTbr6GOh8sKY2g=
33,51,2be4reqxetFjEKbJCQDSZH6WDLs=,qqaV4gQqIP8B83HeWUKJpVSmmE8=
32,53,2be4reqxetFjEKbJCQDSZH6WDLs=,ILoH495v1GD17mbM7DQ74B3X9JM=
32,50,2be4reqxetFjEKbJCQDSZH6WDLs=,qqaV4gQqIP8B83HeWUKJpVSmmE8=
32,51,2be4reqxetFjEKbJCQDSZH6WDLs=,qqaV4gQqIP8B83HeWUKJpVSmmE8=
32,52,2be4reqxetFjEKbJCQDSZH6WDLs=,ILoH495v1GD17mbM7DQ74B3X9JM=
33,52,2be4reqxetFjEKbJCQDSZH6WDLs=,ILoH495v1GD17mbM7DQ74B3X9JM=
47,54,2be4reqxetFjEKbJCQDSZH6WDLs=,hezKGWJPUXu4JlIbHkm1TQ9Kzpo=
47,56,2be4reqxetFjEKbJCQDSZH6WDLs=,45Ih8+5ifxj9CpB9+AAs7Gz9X7E=
47,55,2be4reqxetFjEKbJCQDSZH6WDLs=,hezKGWJPUXu4JlIbHkm1TQ9Kzpo=
47,60,2be4reqxetFjEKbJCQDSZH6WDLs=,iaOy5tQfI0rVtZhqjY6u1ZmqpPs=
47,53,2be4reqxetFjEKbJCQDSZH6WDLs=,vWsqVhO+c29qdz6BbaG8zZgQNrk=
47,57,2be4reqxetFjEKbJCQDSZH6WDLs=,45Ih8+5ifxj9CpB9+AAs7Gz9X7E=
47,58,2be4reqxetFjEKbJCQDSZH6WDLs=,gjUlPtvc6atwTnWFI20xm927kew=
47,52,2be4reqxetFjEKbJCQDSZH6WDLs=,vWsqVhO+c29qdz6BbaG8zZgQNrk=
47,59,2be4reqxetFjEKbJCQDSZH6WDLs=,gjUlPtvc6atwTnWFI20xm927kew=
47,51,2be4reqxetFjEKbJCQDSZH6WDLs=,i8ehTdnWRihFeq3/sT8FYd01XXM=
41,48,2be4reqxetFjEKbJCQDSZH6WDLs=,ejTtPVwj/jXe0rMiVOYcPUFPB30=
36,48,2be4reqxetFjEKbJCQDSZH6WDLs=,pOXQqpYFq/okU3EYL7BqHsa7ofk=
35,48,2be4reqxetFjEKbJCQDSZH6WDLs=,DxTtHgibrvZLKH8M59tZGjuAj3c=
39,48,2be4reqxetFjEKbJCQDSZH6WDLs=,nffc7OemAz7tMPd6yKC9o8Q9xms=
40,48,2be4reqxetFjEKbJCQDSZH6WDLs=,ejTtPVwj/jXe0rMiVOYcPUFPB30=
38,48,2be4reqxetFjEKbJCQDSZH6WDLs=,nffc7OemAz7tMPd6yKC9o8Q9xms=
37,48,2be4reqxetFjEKbJCQDSZH6WDLs=,pOXQqpYFq/okU3EYL7BqHsa7ofk=
42,48,2be4reqxetFjEKbJCQDSZH6WDLs=,3l3496O2lqb2oNVViKQrRmjGaqM=
43,63,2be4reqxetFjEKbJCQDSZH6WDLs=,p72v6+5yLe0aFNVnVNkwFh54N9E=
44,63,2be4reqxetFjEKbJCQDSZH6WDLs=,ySPDUgzHlrOhsYCjpJ2hV/G/jp0=
47,63,2be4reqxetFjEKbJCQDSZH6WDLs=,ugOsIDC46CpajOCwSCuyeSJ5BA0=
45,62,2be4reqxetFjEKbJCQDSZH6WDLs=,ySPDUgzHlrOhsYCjpJ2hV/G/jp0=
46,62,2be4reqxetFjEKbJCQDSZH6WDLs=,ugOsIDC46CpajOCwSCuyeSJ5BA0=
47,62,2be4reqxetFjEKbJCQDSZH6WDLs=,ugOsIDC46CpajOCwSCuyeSJ5BA0=
46,61,2be4reqxetFjEKbJCQDSZH6WDLs=,iaOy5tQfI0rVtZhqjY6u1ZmqpPs=
47,61,2be4reqxetFjEKbJCQDSZH6WDLs=,iaOy5tQfI0rVtZhqjY6u1ZmqpPs=
34,58,2be4reqxetFjEKbJCQDSZH6WDLs=,qxdJlgUUr18yI3tEJN/PFV+fogs=
45,61,2be4reqxetFjEKbJCQDSZH6WDLs=,sMgvORFeHDl4/rwjrRBR+5rrFFo=
46,63,2be4reqxetFjEKbJCQDSZH6WDLs=,ugOsIDC46CpajOCwSCuyeSJ5BA0=
34,57,2be4reqxetFjEKbJCQDSZH6WDLs=,+XifB2pFPbTBjrwPWl6pWFTJRbg=
45,63,2be4reqxetFjEKbJCQDSZH6WDLs=,ySPDUgzHlrOhsYCjpJ2hV/G/jp0=
40,61,2be4reqxetFjEKbJCQDSZH6WDLs=,IB19y3fbQdy02KhLuDjZLbryQFQ=
42,62,2be4reqxetFjEKbJCQDSZH6WDLs=,p72v6+5yLe0aFNVnVNkwFh54N9E=
41,63,2be4reqxetFjEKbJCQDSZH6WDLs=,6QbvQT80Giddt6oKitlnZXafl4k=
40,63,2be4reqxetFjEKbJCQDSZH6WDLs=,6QbvQT80Giddt6oKitlnZXafl4k=
41,62,2be4reqxetFjEKbJCQDSZH6WDLs=,6QbvQT80Giddt6oKitlnZXafl4k=
42,63,2be4reqxetFjEKbJCQDSZH6WDLs=,p72v6+5yLe0aFNVnVNkwFh54N9E=
40,62,2be4reqxetFjEKbJCQDSZH6WDLs=,6QbvQT80Giddt6oKitlnZXafl4k=
42,61,2be4reqxetFjEKbJCQDSZH6WDLs=,CqlhTgcgq6GsEMeIuH7uLfMNCJE=
41,61,2be4reqxetFjEKbJCQDSZH6WDLs=,IB19y3fbQdy02KhLuDjZLbryQFQ=
45,48,2be4reqxetFjEKbJCQDSZH6WDLs=,un6FtsoAY6THcPDD+89KGcGm13c=
36,59,2be4reqxetFjEKbJCQDSZH6WDLs=,4hQVKUomGo2t4P8freZGdRa2mNg=
35,59,2be4reqxetFjEKbJCQDSZH6WDLs=,qxdJlgUUr18yI3tEJN/PFV+fogs=
44,48,2be4reqxetFjEKbJCQDSZH6WDLs=,un6FtsoAY6THcPDD+89KGcGm13c=
34,59,2be4reqxetFjEKbJCQDSZH6WDLs=,qxdJlgUUr18yI3tEJN/PFV+fogs=
32,55,2be4reqxetFjEKbJCQDSZH6WDLs=,wFC+8SON7LtgpfoPhonst+CQ7nY=
43,48,2be4reqxetFjEKbJCQDSZH6WDLs=,3l3496O2lqb2oNVViKQrRmjGaqM=
46,48,2be4reqxetFjEKbJCQDSZH6WDLs=,a5jsC5lLKVk6O8W8xWwV6QeSZec=
39,52,2be4reqxetFjEKbJCQDSZH6WDLs=,LpYCsTzCioCm4WTEz8pzhxWMvVU=
42,54,2be4reqxetFjEKbJCQDSZH6WDLs=,LjXh7RG2a/jGF08EJTmoj3ZkTzQ=
32,48,2be4reqxetFjEKbJCQDSZH6WDLs=,5HpIX57WZmk1UlCv+qLKPpve3Wc=
39,53,2be4reqxetFjEKbJCQDSZH6WDLs=,LpYCsTzCioCm4WTEz8pzhxWMvVU=
40,52,2be4reqxetFjEKbJCQDSZH6WDLs=,FGMbXx6+ul92d8RYfeBOygdP9yc=
41,52,2be4reqxetFjEKbJCQDSZH6WDLs=,FGMbXx6+ul92d8RYfeBOygdP9yc=
40,54,2be4reqxetFjEKbJCQDSZH6WDLs=,tsytS7HEy+n65IrZRFlPZ8s6IE0=
42,53,2be4reqxetFjEKbJCQDSZH6WDLs=,pbiZSjMU0/JZv+FJSlc6gVsiRow=
42,51,2be4reqxetFjEKbJCQDSZH6WDLs=,MhhpE0g5rRgAS6AodLsLq7wV+aQ=
39,51,2be4reqxetFjEKbJCQDSZH6WDLs=,K3W+Kek9v+EDCDiCRhec/giNeG4=
41,53,2be4reqxetFjEKbJCQDSZH6WDLs=,FGMbXx6+ul92d8RYfeBOygdP9yc=
40,51,2be4reqxetFjEKbJCQDSZH6WDLs=,NY1hgHEhdRC+79ZuKvOIUGuHuTs=
40,53,2be4reqxetFjEKbJCQDSZH6WDLs=,FGMbXx6+ul92d8RYfeBOygdP9yc=
41,51,2be4reqxetFjEKbJCQDSZH6WDLs=,NY1hgHEhdRC+79ZuKvOIUGuHuTs=
42,52,2be4reqxetFjEKbJCQDSZH6WDLs=,pbiZSjMU0/JZv+FJSlc6gVsiRow=
47,48,2be4reqxetFjEKbJCQDSZH6WDLs=,a5jsC5lLKVk6O8W8xWwV6QeSZec=
41,54,2be4reqxetFjEKbJCQDSZH6WDLs=,tsytS7HEy+n65IrZRFlPZ8s6IE0=
39,54,2be4reqxetFjEKbJCQDSZH6WDLs=,z6TcJlnM9QK68Y5rCVbAVIyHpxw=
47,50,2be4reqxetFjEKbJCQDSZH6WDLs=,i8ehTdnWRihFeq3/sT8FYd01XXM=
47,49,2be4reqxetFjEKbJCQDSZH6WDLs=,a5jsC5lLKVk6O8W8xWwV6QeSZec=
62,52,F0QgqHvpgrSNLYqnJcKzIVuDpro=,t8UlqQKwy7vsDyQKYO3Hvz3s9ww=
62,51,F0QgqHvpgrSNLYqnJcKzIVuDpro=,eI204dXHNHdEV4d1j/+J08PNZIk=
61,52,F0QgqHvpgrSNLYqnJcKzIVuDpro=,jQzkiQU4LtjyvujaYTawZKgHPgA=
61,51,F0QgqHvpgrSNLYqnJcKzIVuDpro=,M65uA0iEeY+7BqjEZu5whAlBRAo=
60,52,F0QgqHvpgrSNLYqnJcKzIVuDpro=,jQzkiQU4LtjyvujaYTawZKgHPgA=
60,51,F0QgqHvpgrSNLYqnJcKzIVuDpro=,M65uA0iEeY+7BqjEZu5whAlBRAo=
59,51,F0QgqHvpgrSNLYqnJcKzIVuDpro=,YWGO012xCm6CEa/KiK0pvDy8m00=
61,54,F0QgqHvpgrSNLYqnJcKzIVuDpro=,V/+r4FroQXeYIfhsz89qzf7DDDs=
62,54,F0QgqHvpgrSNLYqnJcKzIVuDpro=,Q8vdkWH31CWCWMGhS+4ok9rwTUs=
62,53,F0QgqHvpgrSNLYqnJcKzIVuDpro=,t8UlqQKwy7vsDyQKYO3Hvz3s9ww=
61,53,F0QgqHvpgrSNLYqnJcKzIVuDpro=,jQzkiQU4LtjyvujaYTawZKgHPgA=
54,51,z0IrZSiBMP5BNZIR+qQo7RRtX+g=,2h96YwTeKpObRSV/aXrNB5eXc7o=
54,52,z0IrZSiBMP5BNZIR+qQo7RRtX+g=,8/nmZQ1OcaQj39xCNKqA2EVE4MA=
53,51,z0IrZSiBMP5BNZIR+qQo7RRtX+g=,eBPvCdZz32MKS7UBc6Oh74LGJCM=
53,52,z0IrZSiBMP5BNZIR+qQo7RRtX+g=,7Qt28S2FdCcDfqsuLR+HinQHDGU=
51,54,z0IrZSiBMP5BNZIR+qQo7RRtX+g=,iEdUP7A89dpFR9/7X3tnFdn2v2o=
52,54,z0IrZSiBMP5BNZIR+qQo7RRtX+g=,kn8Q7GoFj+N83MzYCrFquSkQrB8=
51,53,z0IrZSiBMP5BNZIR+qQo7RRtX+g=,hiP0T8lgbxLbs+KP1yyPAwxT39w=
52,51,z0IrZSiBMP5BNZIR+qQo7RRtX+g=,eBPvCdZz32MKS7UBc6Oh74LGJCM=
52,53,z0IrZSiBMP5BNZIR+qQo7RRtX+g=,7Qt28S2FdCcDfqsuLR+HinQHDGU=
52,52,yZHz8KwTCrbf/L4iBi2O+J8Fzp0=,7Qt28S2FdCcDfqsuLR+HinQHDGU=
51,51,yZHz8KwTCrbf/L4iBi2O+J8Fzp0=,64JU484CMKM3M2hQ6D7duJM9ynA=
51,52,yZHz8KwTCrbf/L4iBi2O+J8Fzp0=,hiP0T8lgbxLbs+KP1yyPAwxT39w=
51,56,yZHz8KwTCrbf/L4iBi2O+J8Fzp0=,mw6MuonAKRMM1T9ly3KMMY7REV0=
52,56,yZHz8KwTCrbf/L4iBi2O+J8Fzp0=,BKXRzZjQBQVnd67AcTyMQ+gVEPw=
51,55,yZHz8KwTCrbf/L4iBi2O+J8Fzp0=,iEdUP7A89dpFR9/7X3tnFdn2v2o=
52,55,yZHz8KwTCrbf/L4iBi2O+J8Fzp0=,kn8Q7GoFj+N83MzYCrFquSkQrB8=
52,57,yZHz8KwTCrbf/L4iBi2O+J8Fzp0=,BKXRzZjQBQVnd67AcTyMQ+gVEPw=
51,57,yZHz8KwTCrbf/L4iBi2O+J8Fzp0=,mw6MuonAKRMM1T9ly3KMMY7REV0=
52,58,yZHz8KwTCrbf/L4iBi2O+J8Fzp0=,BAHXClRmowYMDYX7HCa8Kzezl0M=
51,58,yZHz8KwTCrbf/L4iBi2O+J8Fzp0=,UC410wDHoWt+AjthDhDeLm6uxFM=
51,59,yZHz8KwTCrbf/L4iBi2O+J8Fzp0=,UC410wDHoWt+AjthDhDeLm6uxFM=
51,60,yZHz8KwTCrbf/L4iBi2O+J8Fzp0=,+xh/FfyXrygo1WAFi9ez7uonzKE=
52,59,yZHz8KwTCrbf/L4iBi2O+J8Fzp0=,BAHXClRmowYMDYX7HCa8Kzezl0M=
52,60,yZHz8KwTCrbf/L4iBi2O+J8Fzp0=,VgL9WatOYdVd+/iKow+F+Uu3d7Q=
53,60,yZHz8KwTCrbf/L4iBi2O+J8Fzp0=,VgL9WatOYdVd+/iKow+F+Uu3d7Q=
54,60,yZHz8KwTCrbf/L4iBi2O+J8Fzp0=,xv85+bv5//ZqqJqJzEg6HruK0/8=
54,59,yZHz8KwTCrbf/L4iBi2O+J8Fzp0=,MsqkEd18UmqF5pbrdseNMSmzWoE=
53,59,yZHz8KwTCrbf/L4iBi2O+J8Fzp0=,BAHXClRmowYMDYX7HCa8Kzezl0M=
54,58,En7yuPLBrYwpWFgBR336Bd+MYYM=,MsqkEd18UmqF5pbrdseNMSmzWoE=
53,57,En7yuPLBrYwpWFgBR336Bd+MYYM=,BKXRzZjQBQVnd67AcTyMQ+gVEPw=
54,57,En7yuPLBrYwpWFgBR336Bd+MYYM=,LBPG1y/KtLzkBK8UuyloNgH3Klw=
53,58,En7yuPLBrYwpWFgBR336Bd+MYYM=,BAHXClRmowYMDYX7HCa8Kzezl0M=
53,62,En7yuPLBrYwpWFgBR336Bd+MYYM=,Xs4XDcjlivi6bD6eTOje7Kg1aNY=
54,62,En7yuPLBrYwpWFgBR336Bd+MYYM=,OWVeqmD0pv+BKIIvQxsjAkJgpUI=
53,61,En7yuPLBrYwpWFgBR336Bd+MYYM=,VgL9WatOYdVd+/iKow+F+Uu3d7Q=
54,61,En7yuPLBrYwpWFgBR336Bd+MYYM=,xv85+bv5//ZqqJqJzEg6HruK0/8=
60,54,En7yuPLBrYwpWFgBR336Bd+MYYM=,V/+r4FroQXeYIfhsz89qzf7DDDs=
59,54,En7yuPLBrYwpWFgBR336Bd+MYYM=,GrfgPCZVfKl6OYXNYXCvo7kUr7s=
60,53,En7yuPLBrYwpWFgBR336Bd+MYYM=,jQzkiQU4LtjyvujaYTawZKgHPgA=
60,56,En7yuPLBrYwpWFgBR336Bd+MYYM=,FTG7mxC1VbCaNTSOoy86dj3MLQM=
59,55,En7yuPLBrYwpWFgBR336Bd+MYYM=,GrfgPCZVfKl6OYXNYXCvo7kUr7s=
60,55,En7yuPLBrYwpWFgBR336Bd+MYYM=,V/+r4FroQXeYIfhsz89qzf7DDDs=
59,56,En7yuPLBrYwpWFgBR336Bd+MYYM=,p0t6oSU4aqbe6bkK66oMfz++7Ag=
58,55,En7yuPLBrYwpWFgBR336Bd+MYYM=,GrfgPCZVfKl6OYXNYXCvo7kUr7s=
57,56,En7yuPLBrYwpWFgBR336Bd+MYYM=,v4po5mat/yKzc09mqPRpHMSzb0c=
57,55,En7yuPLBrYwpWFgBR336Bd+MYYM=,PLRIGzKcP400RG/enPsaQ+Cvm6c=
58,56,En7yuPLBrYwpWFgBR336Bd+MYYM=,p0t6oSU4aqbe6bkK66oMfz++7Ag=
60,57,nzN1699l67k6PgN65kUVuFKbqh0=,FTG7mxC1VbCaNTSOoy86dj3MLQM=
60,58,nzN1699l67k6PgN65kUVuFKbqh0=,1FMP6/ipzJSw4KBmPGSwWYDpwQM=
59,57,nzN1699l67k6PgN65kUVuFKbqh0=,p0t6oSU4aqbe6bkK66oMfz++7Ag=
59,58,nzN1699l67k6PgN65kUVuFKbqh0=,TD4JzZuebSU8M5wJwSq3p2Odewc=
58,57,nzN1699l67k6PgN65kUVuFKbqh0=,p0t6oSU4aqbe6bkK66oMfz++7Ag=
55,58,nzN1699l67k6PgN65kUVuFKbqh0=,MsqkEd18UmqF5pbrdseNMSmzWoE=
55,57,nzN1699l67k6PgN65kUVuFKbqh0=,LBPG1y/KtLzkBK8UuyloNgH3Klw=
56,57,nzN1699l67k6PgN65kUVuFKbqh0=,v4po5mat/yKzc09mqPRpHMSzb0c=
57,57,nzN1699l67k6PgN65kUVuFKbqh0=,v4po5mat/yKzc09mqPRpHMSzb0c=
56,58,nzN1699l67k6PgN65kUVuFKbqh0=,+fhTjcagOAL7wP8oIw9YfEbCQeQ=
57,58,nzN1699l67k6PgN65kUVuFKbqh0=,+fhTjcagOAL7wP8oIw9YfEbCQeQ=
58,58,nzN1699l67k6PgN65kUVuFKbqh0=,TD4JzZuebSU8M5wJwSq3p2Odewc=
55,59,nzN1699l67k6PgN65kUVuFKbqh0=,MsqkEd18UmqF5pbrdseNMSmzWoE=
56,60,nzN1699l67k6PgN65kUVuFKbqh0=,rAOnl6zc8lJscMew+DcMWpO76CE=
55,60,nzN1699l67k6PgN65kUVuFKbqh0=,xv85+bv5//ZqqJqJzEg6HruK0/8=
56,59,nzN1699l67k6PgN65kUVuFKbqh0=,+fhTjcagOAL7wP8oIw9YfEbCQeQ=
56,61,nzN1699l67k6PgN65kUVuFKbqh0=,rAOnl6zc8lJscMew+DcMWpO76CE=
60,59,nzN1699l67k6PgN65kUVuFKbqh0=,1FMP6/ipzJSw4KBmPGSwWYDpwQM=
57,59,nzN1699l67k6PgN65kUVuFKbqh0=,+fhTjcagOAL7wP8oIw9YfEbCQeQ=
58,60,nzN1699l67k6PgN65kUVuFKbqh0=,jAV/1/y+7OtSLDdupGLqDTFG094=
59,60,nzN1699l67k6PgN65kUVuFKbqh0=,jAV/1/y+7OtSLDdupGLqDTFG094=
59,59,nzN1699l67k6PgN65kUVuFKbqh0=,TD4JzZuebSU8M5wJwSq3p2Odewc=
58,59,nzN1699l67k6PgN65kUVuFKbqh0=,TD4JzZuebSU8M5wJwSq3p2Odewc=
60,60,nzN1699l67k6PgN65kUVuFKbqh0=,j+Gq3/49VtOVNqp1cgTtr1aEB64=
55,61,nzN1699l67k6PgN65kUVuFKbqh0=,xv85+bv5//ZqqJqJzEg6HruK0/8=
55,62,nzN1699l67k6PgN65kUVuFKbqh0=,OWVeqmD0pv+BKIIvQxsjAkJgpUI=
57,60,nzN1699l67k6PgN65kUVuFKbqh0=,rAOnl6zc8lJscMew+DcMWpO76CE=
56,62,nzN1699l67k6PgN65kUVuFKbqh0=,kaAmItB2tPBEe2UBILEvq5rHuZU=
57,61,yajptFQqV/TRyYuhxYdGOthT+2w=,rAOnl6zc8lJscMew+DcMWpO76CE=
57,62,yajptFQqV/TRyYuhxYdGOthT+2w=,kaAmItB2tPBEe2UBILEvq5rHuZU=
58,61,yajptFQqV/TRyYuhxYdGOthT+2w=,jAV/1/y+7OtSLDdupGLqDTFG094=
58,62,yajptFQqV/TRyYuhxYdGOthT+2w=,EYbqpeDTfM4ek75dl+3RYXTxf/8=
62,56,yajptFQqV/TRyYuhxYdGOthT+2w=,aZr5X3gdItZhMkg56GS3mI6uq5c=
61,57,yajptFQqV/TRyYuhxYdGOthT+2w=,FTG7mxC1VbCaNTSOoy86dj3MLQM=
62,55,yajptFQqV/TRyYuhxYdGOthT+2w=,Q8vdkWH31CWCWMGhS+4ok9rwTUs=
61,55,yajptFQqV/TRyYuhxYdGOthT+2w=,V/+r4FroQXeYIfhsz89qzf7DDDs=
62,57,yajptFQqV/TRyYuhxYdGOthT+2w=,aZr5X3gdItZhMkg56GS3mI6uq5c=
61,56,yajptFQqV/TRyYuhxYdGOthT+2w=,FTG7mxC1VbCaNTSOoy86dj3MLQM=
61,58,yajptFQqV/TRyYuhxYdGOthT+2w=,1FMP6/ipzJSw4KBmPGSwWYDpwQM=
62,58,yajptFQqV/TRyYuhxYdGOthT+2w=,gp8ZuoAVRFx9x2L7q+KMC23S6O0=
62,59,yajptFQqV/TRyYuhxYdGOthT+2w=,gp8ZuoAVRFx9x2L7q+KMC23S6O0=
61,59,yajptFQqV/TRyYuhxYdGOthT+2w=,1FMP6/ipzJSw4KBmPGSwWYDpwQM=
61,60,yajptFQqV/TRyYuhxYdGOthT+2w=,j+Gq3/49VtOVNqp1cgTtr1aEB64=
62,60,yajptFQqV/TRyYuhxYdGOthT+2w=,RdBPG8wXEeAAjF6ArUs/JrgucVM=
56,63,yajptFQqV/TRyYuhxYdGOthT+2w=,kaAmItB2tPBEe2UBILEvq5rHuZU=
55,63,yajptFQqV/TRyYuhxYdGOthT+2w=,OWVeqmD0pv+BKIIvQxsjAkJgpUI=
57,63,yajptFQqV/TRyYuhxYdGOthT+2w=,kaAmItB2tPBEe2UBILEvq5rHuZU=
54,63,yajptFQqV/TRyYuhxYdGOthT+2w=,OWVeqmD0pv+BKIIvQxsjAkJgpUI=
53,63,yajptFQqV/TRyYuhxYdGOthT+2w=,Xs4XDcjlivi6bD6eTOje7Kg1aNY=
58,63,yajptFQqV/TRyYuhxYdGOthT+2w=,EYbqpeDTfM4ek75dl+3RYXTxf/8=
52,62,yajptFQqV/TRyYuhxYdGOthT+2w=,Xs4XDcjlivi6bD6eTOje7Kg1aNY=
51,61,yajptFQqV/TRyYuhxYdGOthT+2w=,+xh/FfyXrygo1WAFi9ez7uonzKE=
51,62,yajptFQqV/TRyYuhxYdGOthT+2w=,Xw5TnbXRVMMBsGaVvPRthfyYuM8=
52,61,yajptFQqV/TRyYuhxYdGOthT+2w=,VgL9WatOYdVd+/iKow+F+Uu3d7Q=
60,61,yajptFQqV/TRyYuhxYdGOthT+2w=,j+Gq3/49VtOVNqp1cgTtr1aEB64=
60,63,yajptFQqV/TRyYuhxYdGOthT+2w=,AnsIgtDv8DyXPvEMtM3ijdxXKjk=
59,63,yajptFQqV/TRyYuhxYdGOthT+2w=,EYbqpeDTfM4ek75dl+3RYXTxf/8=
60,62,yajptFQqV/TRyYuhxYdGOthT+2w=,AnsIgtDv8DyXPvEMtM3ijdxXKjk=
59,61,yajptFQqV/TRyYuhxYdGOthT+2w=,jAV/1/y+7OtSLDdupGLqDTFG094=
59,62,yajptFQqV/TRyYuhxYdGOthT+2w=,EYbqpeDTfM4ek75dl+3RYXTxf/8=
50,62,yajptFQqV/TRyYuhxYdGOthT+2w=,Xw5TnbXRVMMBsGaVvPRthfyYuM8=
49,61,yajptFQqV/TRyYuhxYdGOthT+2w=,HP6l5dOHy4cK8hNBf7blNx5NVtk=
50,61,yajptFQqV/TRyYuhxYdGOthT+2w=,+xh/FfyXrygo1WAFi9ez7uonzKE=
63,61,Q8qgBfS/Tc2svXlU/xBjwa7slkM=,RdBPG8wXEeAAjF6ArUs/JrgucVM=
61,61,Q8qgBfS/Tc2svXlU/xBjwa7slkM=,j+Gq3/49VtOVNqp1cgTtr1aEB64=
62,61,Q8qgBfS/Tc2svXlU/xBjwa7slkM=,RdBPG8wXEeAAjF6ArUs/JrgucVM=
62,62,Q8qgBfS/Tc2svXlU/xBjwa7slkM=,pQANWTJhfhp1qA1/JWax1iNayRk=
61,62,Q8qgBfS/Tc2svXlU/xBjwa7slkM=,AnsIgtDv8DyXPvEMtM3ijdxXKjk=
63,62,Q8qgBfS/Tc2svXlU/xBjwa7slkM=,pQANWTJhfhp1qA1/JWax1iNayRk=
62,63,Q8qgBfS/Tc2svXlU/xBjwa7slkM=,pQANWTJhfhp1qA1/JWax1iNayRk=
61,63,Q8qgBfS/Tc2svXlU/xBjwa7slkM=,AnsIgtDv8DyXPvEMtM3ijdxXKjk=
50,60,Q8qgBfS/Tc2svXlU/xBjwa7slkM=,+xh/FfyXrygo1WAFi9ez7uonzKE=
49,60,Q8qgBfS/Tc2svXlU/xBjwa7slkM=,HP6l5dOHy4cK8hNBf7blNx5NVtk=
49,57,Q8qgBfS/Tc2svXlU/xBjwa7slkM=,7K8H8lYZ84OI7Bz84NKmjnVrglk=
50,59,Q8qgBfS/Tc2svXlU/xBjwa7slkM=,UC410wDHoWt+AjthDhDeLm6uxFM=
49,58,Q8qgBfS/Tc2svXlU/xBjwa7slkM=,QYt33fVUdr1lgjymJD0WM4ZUIj8=
50,58,Q8qgBfS/Tc2svXlU/xBjwa7slkM=,UC410wDHoWt+AjthDhDeLm6uxFM=
49,59,Q8qgBfS/Tc2svXlU/xBjwa7slkM=,QYt33fVUdr1lgjymJD0WM4ZUIj8=
50,57,Q8qgBfS/Tc2svXlU/xBjwa7slkM=,mw6MuonAKRMM1T9ly3KMMY7REV0=
50,56,Q8qgBfS/Tc2svXlU/xBjwa7slkM=,mw6MuonAKRMM1T9ly3KMMY7REV0=
49,55,Q8qgBfS/Tc2svXlU/xBjwa7slkM=,WSOPEJpW7Gq3fNvHiwbl9edrl7c=
49,56,Q8qgBfS/Tc2svXlU/xBjwa7slkM=,7K8H8lYZ84OI7Bz84NKmjnVrglk=
50,55,Q8qgBfS/Tc2svXlU/xBjwa7slkM=,iEdUP7A89dpFR9/7X3tnFdn2v2o=
50,53,Q8qgBfS/Tc2svXlU/xBjwa7slkM=,hiP0T8lgbxLbs+KP1yyPAwxT39w=
49,53,Q8qgBfS/Tc2svXlU/xBjwa7slkM=,zJ6Ryx8pZzLlbKGbsrfop2JcLnI=
49,54,Q8qgBfS/Tc2svXlU/xBjwa7slkM=,WSOPEJpW7Gq3fNvHiwbl9edrl7c=
50,54,Q8qgBfS/Tc2svXlU/xBjwa7slkM=,iEdUP7A89dpFR9/7X3tnFdn2v2o=
54,50,Q8qgBfS/Tc2svXlU/xBjwa7slkM=,2h96YwTeKpObRSV/aXrNB5eXc7o=
54,49,Q8qgBfS/Tc2svXlU/xBjwa7slkM=,YnQvZH8tjr3B34tYezy63Nd66qg=
53,49,Q8qgBfS/Tc2svXlU/xBjwa7slkM=,2IKNRUmVafZ0ENY5iqDXYw9ewL0=
53,50,Q8qgBfS/Tc2svXlU/xBjwa7slkM=,eBPvCdZz32MKS7UBc6Oh74LGJCM=
55,49,0xVnbwUMSaKpnXt4t/FJJkoGOgI=,YnQvZH8tjr3B34tYezy63Nd66qg=
55,50,0xVnbwUMSaKpnXt4t/FJJkoGOgI=,2h96YwTeKpObRSV/aXrNB5eXc7o=
56,50,0xVnbwUMSaKpnXt4t/FJJkoGOgI=,7xYVONYUeNQgMVWQQqXqrZvm3OM=
56,49,0xVnbwUMSaKpnXt4t/FJJkoGOgI=,R5915dGwvPZqdgXq1ryTREU2aSU=
57,50,0xVnbwUMSaKpnXt4t/FJJkoGOgI=,7xYVONYUeNQgMVWQQqXqrZvm3OM=
58,49,0xVnbwUMSaKpnXt4t/FJJkoGOgI=,DDiVxq75iQx4pC8C8AniDdw8VXM=
58,50,0xVnbwUMSaKpnXt4t/FJJkoGOgI=,YWGO012xCm6CEa/KiK0pvDy8m00=
57,49,0xVnbwUMSaKpnXt4t/FJJkoGOgI=,R5915dGwvPZqdgXq1ryTREU2aSU=
49,52,0xVnbwUMSaKpnXt4t/FJJkoGOgI=,zJ6Ryx8pZzLlbKGbsrfop2JcLnI=
49,51,0xVnbwUMSaKpnXt4t/FJJkoGOgI=,mIEqqCIahPu7ngIy5OkcHzWwn48=
50,52,0xVnbwUMSaKpnXt4t/FJJkoGOgI=,hiP0T8lgbxLbs+KP1yyPAwxT39w=
50,51,0xVnbwUMSaKpnXt4t/FJJkoGOgI=,64JU484CMKM3M2hQ6D7duJM9ynA=
54,48,0xVnbwUMSaKpnXt4t/FJJkoGOgI=,YnQvZH8tjr3B34tYezy63Nd66qg=
53,48,0xVnbwUMSaKpnXt4t/FJJkoGOgI=,2IKNRUmVafZ0ENY5iqDXYw9ewL0=
56,48,0xVnbwUMSaKpnXt4t/FJJkoGOgI=,R5915dGwvPZqdgXq1ryTREU2aSU=
55,48,0xVnbwUMSaKpnXt4t/FJJkoGOgI=,YnQvZH8tjr3B34tYezy63Nd66qg=
52,48,0xVnbwUMSaKpnXt4t/FJJkoGOgI=,2IKNRUmVafZ0ENY5iqDXYw9ewL0=
51,49,0xVnbwUMSaKpnXt4t/FJJkoGOgI=,qF6O9VBfP57Ghw526EUdBuj5QwQ=
49,49,0xVnbwUMSaKpnXt4t/FJJkoGOgI=,G/3ORgg+39tMrbJafykCWZi9h54=
48,49,0xVnbwUMSaKpnXt4t/FJJkoGOgI=,G/3ORgg+39tMrbJafykCWZi9h54=
48,54,0xVnbwUMSaKpnXt4t/FJJkoGOgI=,WSOPEJpW7Gq3fNvHiwbl9edrl7c=
50,50,0xVnbwUMSaKpnXt4t/FJJkoGOgI=,64JU484CMKM3M2hQ6D7duJM9ynA=
51,50,0xVnbwUMSaKpnXt4t/FJJkoGOgI=,64JU484CMKM3M2hQ6D7duJM9ynA=
48,50,0xVnbwUMSaKpnXt4t/FJJkoGOgI=,mIEqqCIahPu7ngIy5OkcHzWwn48=
49,48,0xVnbwUMSaKpnXt4t/FJJkoGOgI=,G/3ORgg+39tMrbJafykCWZi9h54=
48,56,0xVnbwUMSaKpnXt4t/FJJkoGOgI=,7K8H8lYZ84OI7Bz84NKmjnVrglk=
50,49,0xVnbwUMSaKpnXt4t/FJJkoGOgI=,qF6O9VBfP57Ghw526EUdBuj5QwQ=
52,49,0xVnbwUMSaKpnXt4t/FJJkoGOgI=,2IKNRUmVafZ0ENY5iqDXYw9ewL0=
48,53,0xVnbwUMSaKpnXt4t/FJJkoGOgI=,zJ6Ryx8pZzLlbKGbsrfop2JcLnI=
51,48,0xVnbwUMSaKpnXt4t/FJJkoGOgI=,qF6O9VBfP57Ghw526EUdBuj5QwQ=
48,51,0xVnbwUMSaKpnXt4t/FJJkoGOgI=,mIEqqCIahPu7ngIy5OkcHzWwn48=
50,48,0xVnbwUMSaKpnXt4t/FJJkoGOgI=,qF6O9VBfP57Ghw526EUdBuj5QwQ=
48,55,0xVnbwUMSaKpnXt4t/FJJkoGOgI=,WSOPEJpW7Gq3fNvHiwbl9edrl7c=
52,50,0xVnbwUMSaKpnXt4t/FJJkoGOgI=,eBPvCdZz32MKS7UBc6Oh74LGJCM=
62,49,0xVnbwUMSaKpnXt4t/FJJkoGOgI=,jD6h3cN/0AOZ954nPu3xofTAdZc=
59,49,0xVnbwUMSaKpnXt4t/FJJkoGOgI=,DDiVxq75iQx4pC8C8AniDdw8VXM=
62,50,0xVnbwUMSaKpnXt4t/FJJkoGOgI=,eI204dXHNHdEV4d1j/+J08PNZIk=
48,52,0xVnbwUMSaKpnXt4t/FJJkoGOgI=,zJ6Ryx8pZzLlbKGbsrfop2JcLnI=
61,50,0xVnbwUMSaKpnXt4t/FJJkoGOgI=,M65uA0iEeY+7BqjEZu5whAlBRAo=
60,50,0xVnbwUMSaKpnXt4t/FJJkoGOgI=,M65uA0iEeY+7BqjEZu5whAlBRAo=
49,50,0xVnbwUMSaKpnXt4t/FJJkoGOgI=,mIEqqCIahPu7ngIy5OkcHzWwn48=
63,50,0xVnbwUMSaKpnXt4t/FJJkoGOgI=,eI204dXHNHdEV4d1j/+J08PNZIk=
63,49,0xVnbwUMSaKpnXt4t/FJJkoGOgI=,jD6h3cN/0AOZ954nPu3xofTAdZc=
59,50,0xVnbwUMSaKpnXt4t/FJJkoGOgI=,YWGO012xCm6CEa/KiK0pvDy8m00=
63,48,0xVnbwUMSaKpnXt4t/FJJkoGOgI=,jD6h3cN/0AOZ954nPu3xofTAdZc=
63,52,0xVnbwUMSaKpnXt4t/FJJkoGOgI=,t8UlqQKwy7vsDyQKYO3Hvz3s9ww=
63,51,0xVnbwUMSaKpnXt4t/FJJkoGOgI=,eI204dXHNHdEV4d1j/+J08PNZIk=
63,53,0xVnbwUMSaKpnXt4t/FJJkoGOgI=,t8UlqQKwy7vsDyQKYO3Hvz3s9ww=
63,59,0xVnbwUMSaKpnXt4t/FJJkoGOgI=,gp8ZuoAVRFx9x2L7q+KMC23S6O0=
63,54,0xVnbwUMSaKpnXt4t/FJJkoGOgI=,Q8vdkWH31CWCWMGhS+4ok9rwTUs=
63,56,0xVnbwUMSaKpnXt4t/FJJkoGOgI=,aZr5X3gdItZhMkg56GS3mI6uq5c=
63,57,0xVnbwUMSaKpnXt4t/FJJkoGOgI=,aZr5X3gdItZhMkg56GS3mI6uq5c=
58,54,0xVnbwUMSaKpnXt4t/FJJkoGOgI=,GrfgPCZVfKl6OYXNYXCvo7kUr7s=
56,52,0xVnbwUMSaKpnXt4t/FJJkoGOgI=,vzdwjcDUK58aQ+LZVhjxmZhyHgA=
55,51,0xVnbwUMSaKpnXt4t/FJJkoGOgI=,2h96YwTeKpObRSV/aXrNB5eXc7o=
58,51,0xVnbwUMSaKpnXt4t/FJJkoGOgI=,YWGO012xCm6CEa/KiK0pvDy8m00=
63,55,0xVnbwUMSaKpnXt4t/FJJkoGOgI=,Q8vdkWH31CWCWMGhS+4ok9rwTUs=
57,54,0xVnbwUMSaKpnXt4t/FJJkoGOgI=,PLRIGzKcP400RG/enPsaQ+Cvm6c=
57,51,0xVnbwUMSaKpnXt4t/FJJkoGOgI=,7xYVONYUeNQgMVWQQqXqrZvm3OM=
57,53,0xVnbwUMSaKpnXt4t/FJJkoGOgI=,vzdwjcDUK58aQ+LZVhjxmZhyHgA=
57,52,0xVnbwUMSaKpnXt4t/FJJkoGOgI=,vzdwjcDUK58aQ+LZVhjxmZhyHgA=
56,51,0xVnbwUMSaKpnXt4t/FJJkoGOgI=,7xYVONYUeNQgMVWQQqXqrZvm3OM=
63,58,0xVnbwUMSaKpnXt4t/FJJkoGOgI=,gp8ZuoAVRFx9x2L7q+KMC23S6O0=
63,63,0xVnbwUMSaKpnXt4t/FJJkoGOgI=,pQANWTJhfhp1qA1/JWax1iNayRk=
63,60,0xVnbwUMSaKpnXt4t/FJJkoGOgI=,RdBPG8wXEeAAjF6ArUs/JrgucVM=
55,52,0xVnbwUMSaKpnXt4t/FJJkoGOgI=,8/nmZQ1OcaQj39xCNKqA2EVE4MA=
48,61,0xVnbwUMSaKpnXt4t/FJJkoGOgI=,HP6l5dOHy4cK8hNBf7blNx5NVtk=
50,63,0xVnbwUMSaKpnXt4t/FJJkoGOgI=,Xw5TnbXRVMMBsGaVvPRthfyYuM8=
51,63,0xVnbwUMSaKpnXt4t/FJJkoGOgI=,Xw5TnbXRVMMBsGaVvPRthfyYuM8=
52,63,0xVnbwUMSaKpnXt4t/FJJkoGOgI=,Xs4XDcjlivi6bD6eTOje7Kg1aNY=
58,48,0xVnbwUMSaKpnXt4t/FJJkoGOgI=,DDiVxq75iQx4pC8C8AniDdw8VXM=
57,48,0xVnbwUMSaKpnXt4t/FJJkoGOgI=,R5915dGwvPZqdgXq1ryTREU2aSU=
59,48,0xVnbwUMSaKpnXt4t/FJJkoGOgI=,DDiVxq75iQx4pC8C8AniDdw8VXM=
62,48,0xVnbwUMSaKpnXt4t/FJJkoGOgI=,jD6h3cN/0AOZ954nPu3xofTAdZc=
48,60,0xVnbwUMSaKpnXt4t/FJJkoGOgI=,HP6l5dOHy4cK8hNBf7blNx5NVtk=
48,48,0xVnbwUMSaKpnXt4t/FJJkoGOgI=,G/3ORgg+39tMrbJafykCWZi9h54=
48,59,0xVnbwUMSaKpnXt4t/FJJkoGOgI=,QYt33fVUdr1lgjymJD0WM4ZUIj8=
48,58,0xVnbwUMSaKpnXt4t/FJJkoGOgI=,QYt33fVUdr1lgjymJD0WM4ZUIj8=
48,57,0xVnbwUMSaKpnXt4t/FJJkoGOgI=,7K8H8lYZ84OI7Bz84NKmjnVrglk=
55,53,0xVnbwUMSaKpnXt4t/FJJkoGOgI=,8/nmZQ1OcaQj39xCNKqA2EVE4MA=
56,54,0xVnbwUMSaKpnXt4t/FJJkoGOgI=,PLRIGzKcP400RG/enPsaQ+Cvm6c=
56,53,0xVnbwUMSaKpnXt4t/FJJkoGOgI=,vzdwjcDUK58aQ+LZVhjxmZhyHgA=
56,56,0xVnbwUMSaKpnXt4t/FJJkoGOgI=,v4po5mat/yKzc09mqPRpHMSzb0c=
55,54,0xVnbwUMSaKpnXt4t/FJJkoGOgI=,NXpXgGx79VhmtulfzGHm51WEzOs=
54,53,0xVnbwUMSaKpnXt4t/FJJkoGOgI=,8/nmZQ1OcaQj39xCNKqA2EVE4MA=
56,55,0xVnbwUMSaKpnXt4t/FJJkoGOgI=,PLRIGzKcP400RG/enPsaQ+Cvm6c=
54,54,0xVnbwUMSaKpnXt4t/FJJkoGOgI=,NXpXgGx79VhmtulfzGHm51WEzOs=
54,55,0xVnbwUMSaKpnXt4t/FJJkoGOgI=,NXpXgGx79VhmtulfzGHm51WEzOs=
53,56,0xVnbwUMSaKpnXt4t/FJJkoGOgI=,BKXRzZjQBQVnd67AcTyMQ+gVEPw=
53,53,0xVnbwUMSaKpnXt4t/FJJkoGOgI=,7Qt28S2FdCcDfqsuLR+HinQHDGU=
53,55,0xVnbwUMSaKpnXt4t/FJJkoGOgI=,kn8Q7GoFj+N83MzYCrFquSkQrB8=
53,54,0xVnbwUMSaKpnXt4t/FJJkoGOgI=,kn8Q7GoFj+N83MzYCrFquSkQrB8=
54,56,0xVnbwUMSaKpnXt4t/FJJkoGOgI=,LBPG1y/KtLzkBK8UuyloNgH3Klw=
55,55,0xVnbwUMSaKpnXt4t/FJJkoGOgI=,NXpXgGx79VhmtulfzGHm51WEzOs=
55,56,0xVnbwUMSaKpnXt4t/FJJkoGOgI=,LBPG1y/KtLzkBK8UuyloNgH3Klw=
50,40,0xVnbwUMSaKpnXt4t/FJJkoGOgI=,senSBLcjKfnV8/kKa0AUDXrd+Xk=
49,39,0xVnbwUMSaKpnXt4t/FJJkoGOgI=,Z0qt4uLIarhXP3i7dpt58qN0g7o=
49,40,0xVnbwUMSaKpnXt4t/FJJkoGOgI=,+36L+SNw9nPfkwILL86+z8h/cU0=
50,39,0xVnbwUMSaKpnXt4t/FJJkoGOgI=,ceJQGnNhBDOeJOhMOgu2F6oH2Tw=
54,41,0xVnbwUMSaKpnXt4t/FJJkoGOgI=,jU8RdbbwKwoTdoeXvrjeyU8SfFI=
54,42,0xVnbwUMSaKpnXt4t/FJJkoGOgI=,Y7bXSOQQkVT7j/e7w98oQVFkqm8=
51,39,0xVnbwUMSaKpnXt4t/FJJkoGOgI=,ceJQGnNhBDOeJOhMOgu2F6oH2Tw=
52,40,0xVnbwUMSaKpnXt4t/FJJkoGOgI=,p6NMa9p5PzjHEbOMKA8ntbA6WaM=
51,40,0xVnbwUMSaKpnXt4t/FJJkoGOgI=,senSBLcjKfnV8/kKa0AUDXrd+Xk=
52,39,0xVnbwUMSaKpnXt4t/FJJkoGOgI=,UqCwucgKAlsIDN3wmpDq/xpOxqk=
53,42,0xVnbwUMSaKpnXt4t/FJJkoGOgI=,CRgJLTiTlT+ZoXyceIUkHIBLWDQ=
53,41,0xVnbwUMSaKpnXt4t/FJJkoGOgI=,p6NMa9p5PzjHEbOMKA8ntbA6WaM=
54,43,0xVnbwUMSaKpnXt4t/FJJkoGOgI=,Y7bXSOQQkVT7j/e7w98oQVFkqm8=
54,44,0xVnbwUMSaKpnXt4t/FJJkoGOgI=,YGh6NmSb6XPj/4G0knghCFSdxDk=
53,44,0xVnbwUMSaKpnXt4t/FJJkoGOgI=,DYhUGiznDH+dGhx5AUowuKf05mg=
53,43,0xVnbwUMSaKpnXt4t/FJJkoGOgI=,CRgJLTiTlT+ZoXyceIUkHIBLWDQ=
54,45,0xVnbwUMSaKpnXt4t/FJJkoGOgI=,YGh6NmSb6XPj/4G0knghCFSdxDk=
53,45,0xVnbwUMSaKpnXt4t/FJJkoGOgI=,DYhUGiznDH+dGhx5AUowuKf05mg=
54,46,0xVnbwUMSaKpnXt4t/FJJkoGOgI=,3bpcfs+orW+L3ZxUCf0sdwRaz3o=
53,46,0xVnbwUMSaKpnXt4t/FJJkoGOgI=,aBU6CUWwXH57Tw/f4162OzhEVu8=
49,42,UvkNfrwspKEK1GsrR1vxGodAkGE=,tYiTfzZTjkjEgRuXw1gzRQU+H+4=
52,41,UvkNfrwspKEK1GsrR1vxGodAkGE=,p6NMa9p5PzjHEbOMKA8ntbA6WaM=
49,41,UvkNfrwspKEK1GsrR1vxGodAkGE=,+36L+SNw9nPfkwILL86+z8h/cU0=
51,44,UvkNfrwspKEK1GsrR1vxGodAkGE=,NVSYN/Y1k1is+ZWDqbPArUBLKZc=
51,41,UvkNfrwspKEK1GsrR1vxGodAkGE=,senSBLcjKfnV8/kKa0AUDXrd+Xk=
52,42,UvkNfrwspKEK1GsrR1vxGodAkGE=,CRgJLTiTlT+ZoXyceIUkHIBLWDQ=
52,43,UvkNfrwspKEK1GsrR1vxGodAkGE=,CRgJLTiTlT+ZoXyceIUkHIBLWDQ=
52,44,UvkNfrwspKEK1GsrR1vxGodAkGE=,DYhUGiznDH+dGhx5AUowuKf05mg=
50,41,UvkNfrwspKEK1GsrR1vxGodAkGE=,senSBLcjKfnV8/kKa0AUDXrd+Xk=
51,45,UvkNfrwspKEK1GsrR1vxGodAkGE=,NVSYN/Y1k1is+ZWDqbPArUBLKZc=
51,46,UvkNfrwspKEK1GsrR1vxGodAkGE=,lGVe1dLcyP/ytcC10ZX3QJGUj6E=
52,47,UvkNfrwspKEK1GsrR1vxGodAkGE=,aBU6CUWwXH57Tw/f4162OzhEVu8=
52,46,UvkNfrwspKEK1GsrR1vxGodAkGE=,aBU6CUWwXH57Tw/f4162OzhEVu8=
51,47,UvkNfrwspKEK1GsrR1vxGodAkGE=,lGVe1dLcyP/ytcC10ZX3QJGUj6E=
53,47,UvkNfrwspKEK1GsrR1vxGodAkGE=,aBU6CUWwXH57Tw/f4162OzhEVu8=
48,43,UvkNfrwspKEK1GsrR1vxGodAkGE=,tYiTfzZTjkjEgRuXw1gzRQU+H+4=
49,43,UvkNfrwspKEK1GsrR1vxGodAkGE=,tYiTfzZTjkjEgRuXw1gzRQU+H+4=
48,44,UvkNfrwspKEK1GsrR1vxGodAkGE=,HkogT/+CO/o5rx1zaog62HJRMSk=
49,44,UvkNfrwspKEK1GsrR1vxGodAkGE=,HkogT/+CO/o5rx1zaog62HJRMSk=
50,44,UvkNfrwspKEK1GsrR1vxGodAkGE=,NVSYN/Y1k1is+ZWDqbPArUBLKZc=
52,45,UvkNfrwspKEK1GsrR1vxGodAkGE=,DYhUGiznDH+dGhx5AUowuKf05mg=
54,47,UvkNfrwspKEK1GsrR1vxGodAkGE=,3bpcfs+orW+L3ZxUCf0sdwRaz3o=
55,46,UvkNfrwspKEK1GsrR1vxGodAkGE=,3bpcfs+orW+L3ZxUCf0sdwRaz3o=
56,47,UvkNfrwspKEK1GsrR1vxGodAkGE=,YeZFQGdIiuC62GO/zk2QPErtG6I=
55,45,UvkNfrwspKEK1GsrR1vxGodAkGE=,YGh6NmSb6XPj/4G0knghCFSdxDk=
56,46,UvkNfrwspKEK1GsrR1vxGodAkGE=,YeZFQGdIiuC62GO/zk2QPErtG6I=
57,47,UvkNfrwspKEK1GsrR1vxGodAkGE=,YeZFQGdIiuC62GO/zk2QPErtG6I=
55,47,UvkNfrwspKEK1GsrR1vxGodAkGE=,3bpcfs+orW+L3ZxUCf0sdwRaz3o=
62,46,UvkNfrwspKEK1GsrR1vxGodAkGE=,+mtG0HrSQsukmBFXccsfgvblyzM=
62,45,UvkNfrwspKEK1GsrR1vxGodAkGE=,QScDNMOWhHX51l9M+HtYBlmDgQ8=
61,46,UvkNfrwspKEK1GsrR1vxGodAkGE=,gt8mwooU+QTADCr/4EoSRGYJRUA=
63,35,UvkNfrwspKEK1GsrR1vxGodAkGE=,mjGkb9tP+hQFlH5c/XrR9eqvW+Q=
63,36,UvkNfrwspKEK1GsrR1vxGodAkGE=,LR8ziu+2qF+VccJ//0lNWai610s=
62,32,UvkNfrwspKEK1GsrR1vxGodAkGE=,8XbsjQv2NpfRW+P5eyqehAO7RIw=
62,33,UvkNfrwspKEK1GsrR1vxGodAkGE=,8XbsjQv2NpfRW+P5eyqehAO7RIw=
61,33,UvkNfrwspKEK1GsrR1vxGodAkGE=,ZOd++njrJ234Dx58E4Vegerd3cU=
62,34,UvkNfrwspKEK1GsrR1vxGodAkGE=,mjGkb9tP+hQFlH5c/XrR9eqvW+Q=
61,32,UvkNfrwspKEK1GsrR1vxGodAkGE=,ZOd++njrJ234Dx58E4Vegerd3cU=
63,34,UvkNfrwspKEK1GsrR1vxGodAkGE=,mjGkb9tP+hQFlH5c/XrR9eqvW+Q=
63,33,UvkNfrwspKEK1GsrR1vxGodAkGE=,8XbsjQv2NpfRW+P5eyqehAO7RIw=
60,47,UvkNfrwspKEK1GsrR1vxGodAkGE=,gt8mwooU+QTADCr/4EoSRGYJRUA=
61,47,UvkNfrwspKEK1GsrR1vxGodAkGE=,gt8mwooU+QTADCr/4EoSRGYJRUA=
48,41,UvkNfrwspKEK1GsrR1vxGodAkGE=,+36L+SNw9nPfkwILL86+z8h/cU0=
48,42,UvkNfrwspKEK1GsrR1vxGodAkGE=,tYiTfzZTjkjEgRuXw1gzRQU+H+4=
62,47,UvkNfrwspKEK1GsrR1vxGodAkGE=,+mtG0HrSQsukmBFXccsfgvblyzM=
48,39,UvkNfrwspKEK1GsrR1vxGodAkGE=,Z0qt4uLIarhXP3i7dpt58qN0g7o=
48,40,UvkNfrwspKEK1GsrR1vxGodAkGE=,+36L+SNw9nPfkwILL86+z8h/cU0=
51,37,UvkNfrwspKEK1GsrR1vxGodAkGE=,XPTmmlcBPkdXsf5Xvp5/4KNl86U=
52,38,UvkNfrwspKEK1GsrR1vxGodAkGE=,UqCwucgKAlsIDN3wmpDq/xpOxqk=
51,38,UvkNfrwspKEK1GsrR1vxGodAkGE=,ceJQGnNhBDOeJOhMOgu2F6oH2Tw=
60,32,UvkNfrwspKEK1GsrR1vxGodAkGE=,ZOd++njrJ234Dx58E4Vegerd3cU=
58,33,UvkNfrwspKEK1GsrR1vxGodAkGE=,QqOhrgjVcw3/BOkyUnKome5JKJU=
60,33,UvkNfrwspKEK1GsrR1vxGodAkGE=,ZOd++njrJ234Dx58E4Vegerd3cU=
59,32,UvkNfrwspKEK1GsrR1vxGodAkGE=,QqOhrgjVcw3/BOkyUnKome5JKJU=
59,33,UvkNfrwspKEK1GsrR1vxGodAkGE=,QqOhrgjVcw3/BOkyUnKome5JKJU=
58,32,UvkNfrwspKEK1GsrR1vxGodAkGE=,QqOhrgjVcw3/BOkyUnKome5JKJU=
63,32,UvkNfrwspKEK1GsrR1vxGodAkGE=,8XbsjQv2NpfRW+P5eyqehAO7RIw=
62,40,UvkNfrwspKEK1GsrR1vxGodAkGE=,Rxw8BC6pDmmS8+lZLi6Uq1HM16c=
62,39,UvkNfrwspKEK1GsrR1vxGodAkGE=,IzahXoSsunfPfy1dzDX/4JvGpCY=
62,42,UvkNfrwspKEK1GsrR1vxGodAkGE=,TtM3ewOT2obm6jdoWzftGuzDQGI=
62,41,UvkNfrwspKEK1GsrR1vxGodAkGE=,Rxw8BC6pDmmS8+lZLi6Uq1HM16c=
62,43,UvkNfrwspKEK1GsrR1vxGodAkGE=,TtM3ewOT2obm6jdoWzftGuzDQGI=
62,44,UvkNfrwspKEK1GsrR1vxGodAkGE=,QScDNMOWhHX51l9M+HtYBlmDgQ8=
54,40,UvkNfrwspKEK1GsrR1vxGodAkGE=,jU8RdbbwKwoTdoeXvrjeyU8SfFI=
53,39,UvkNfrwspKEK1GsrR1vxGodAkGE=,UqCwucgKAlsIDN3wmpDq/xpOxqk=
53,40,UvkNfrwspKEK1GsrR1vxGodAkGE=,p6NMa9p5PzjHEbOMKA8ntbA6WaM=
55,40,UvkNfrwspKEK1GsrR1vxGodAkGE=,jU8RdbbwKwoTdoeXvrjeyU8SfFI=
55,41,UvkNfrwspKEK1GsrR1vxGodAkGE=,jU8RdbbwKwoTdoeXvrjeyU8SfFI=
55,42,UvkNfrwspKEK1GsrR1vxGodAkGE=,Y7bXSOQQkVT7j/e7w98oQVFkqm8=
55,43,UvkNfrwspKEK1GsrR1vxGodAkGE=,Y7bXSOQQkVT7j/e7w98oQVFkqm8=
55,44,UvkNfrwspKEK1GsrR1vxGodAkGE=,YGh6NmSb6XPj/4G0knghCFSdxDk=
50,46,UvkNfrwspKEK1GsrR1vxGodAkGE=,lGVe1dLcyP/ytcC10ZX3QJGUj6E=
50,45,UvkNfrwspKEK1GsrR1vxGodAkGE=,NVSYN/Y1k1is+ZWDqbPArUBLKZc=
49,45,UvkNfrwspKEK1GsrR1vxGodAkGE=,HkogT/+CO/o5rx1zaog62HJRMSk=
49,46,UvkNfrwspKEK1GsrR1vxGodAkGE=,wmg1ptNJnwHkMQwfo4MV9VcimIQ=
50,47,UvkNfrwspKEK1GsrR1vxGodAkGE=,lGVe1dLcyP/ytcC10ZX3QJGUj6E=
48,47,UvkNfrwspKEK1GsrR1vxGodAkGE=,wmg1ptNJnwHkMQwfo4MV9VcimIQ=
48,45,UvkNfrwspKEK1GsrR1vxGodAkGE=,HkogT/+CO/o5rx1zaog62HJRMSk=
48,46,UvkNfrwspKEK1GsrR1vxGodAkGE=,wmg1ptNJnwHkMQwfo4MV9VcimIQ=
49,47,UvkNfrwspKEK1GsrR1vxGodAkGE=,wmg1ptNJnwHkMQwfo4MV9VcimIQ=
63,47,UvkNfrwspKEK1GsrR1vxGodAkGE=,+mtG0HrSQsukmBFXccsfgvblyzM=
63,45,UvkNfrwspKEK1GsrR1vxGodAkGE=,QScDNMOWhHX51l9M+HtYBlmDgQ8=
63,46,UvkNfrwspKEK1GsrR1vxGodAkGE=,+mtG0HrSQsukmBFXccsfgvblyzM=
50,36,UvkNfrwspKEK1GsrR1vxGodAkGE=,XPTmmlcBPkdXsf5Xvp5/4KNl86U=
48,37,UvkNfrwspKEK1GsrR1vxGodAkGE=,IPBHmitWi6LKNFRkEM3lKxWW5TA=
48,38,UvkNfrwspKEK1GsrR1vxGodAkGE=,Z0qt4uLIarhXP3i7dpt58qN0g7o=
49,38,UvkNfrwspKEK1GsrR1vxGodAkGE=,Z0qt4uLIarhXP3i7dpt58qN0g7o=
50,37,UvkNfrwspKEK1GsrR1vxGodAkGE=,XPTmmlcBPkdXsf5Xvp5/4KNl86U=
49,36,UvkNfrwspKEK1GsrR1vxGodAkGE=,IPBHmitWi6LKNFRkEM3lKxWW5TA=
48,36,UvkNfrwspKEK1GsrR1vxGodAkGE=,IPBHmitWi6LKNFRkEM3lKxWW5TA=
50,38,UvkNfrwspKEK1GsrR1vxGodAkGE=,ceJQGnNhBDOeJOhMOgu2F6oH2Tw=
49,37,UvkNfrwspKEK1GsrR1vxGodAkGE=,IPBHmitWi6LKNFRkEM3lKxWW5TA=
53,38,UvkNfrwspKEK1GsrR1vxGodAkGE=,UqCwucgKAlsIDN3wmpDq/xpOxqk=
62,37,UvkNfrwspKEK1GsrR1vxGodAkGE=,LR8ziu+2qF+VccJ//0lNWai610s=
62,38,UvkNfrwspKEK1GsrR1vxGodAkGE=,IzahXoSsunfPfy1dzDX/4JvGpCY=
60,46,UvkNfrwspKEK1GsrR1vxGodAkGE=,gt8mwooU+QTADCr/4EoSRGYJRUA=
57,46,UvkNfrwspKEK1GsrR1vxGodAkGE=,YeZFQGdIiuC62GO/zk2QPErtG6I=
62,35,UvkNfrwspKEK1GsrR1vxGodAkGE=,mjGkb9tP+hQFlH5c/XrR9eqvW+Q=
62,36,UvkNfrwspKEK1GsrR1vxGodAkGE=,LR8ziu+2qF+VccJ//0lNWai610s=
51,36,UvkNfrwspKEK1GsrR1vxGodAkGE=,XPTmmlcBPkdXsf5Xvp5/4KNl86U=
63,37,UvkNfrwspKEK1GsrR1vxGodAkGE=,LR8ziu+2qF+VccJ//0lNWai610s=
63,38,UvkNfrwspKEK1GsrR1vxGodAkGE=,IzahXoSsunfPfy1dzDX/4JvGpCY=
63,40,UvkNfrwspKEK1GsrR1vxGodAkGE=,Rxw8BC6pDmmS8+lZLi6Uq1HM16c=
63,39,UvkNfrwspKEK1GsrR1vxGodAkGE=,IzahXoSsunfPfy1dzDX/4JvGpCY=
63,43,UvkNfrwspKEK1GsrR1vxGodAkGE=,TtM3ewOT2obm6jdoWzftGuzDQGI=
63,42,UvkNfrwspKEK1GsrR1vxGodAkGE=,TtM3ewOT2obm6jdoWzftGuzDQGI=
63,44,UvkNfrwspKEK1GsrR1vxGodAkGE=,QScDNMOWhHX51l9M+HtYBlmDgQ8=
63,41,UvkNfrwspKEK1GsrR1vxGodAkGE=,Rxw8BC6pDmmS8+lZLi6Uq1HM16c=
